date,log_return,volatility_garch
2018-02-01,0.0004888658586947,0.01634232518613944
2018-02-02,-0.0006482983520233,0.014557493673618721
2018-02-05,-0.0214366805166988,0.013011939831742361
2018-02-06,-0.0418425409383814,0.015324688435393422
2018-02-07,0.017290573348937,0.02347828522295725
2018-02-08,-0.0050141382237526,0.02208744149969254
2018-02-09,-0.0382590522458017,0.019772317968402713
2018-02-12,0.0148256451995243,0.024785952002751962
2018-02-13,0.0138186656781862,0.022848402472646565
2018-02-14,0.0026095219802775,0.021085808264676015
2018-02-15,0.013313439808897,0.018735769254918197
2018-02-16,0.0119968617767752,0.01756778123098673
2018-02-20,0.0003733996499216,0.01641074855597973
2018-02-21,-0.0058585171068373,0.014618033838262571
2018-02-22,-0.0055116644833109,0.013386307734031941
2018-02-23,0.0009730774855778,0.01230374555247747
2018-02-26,0.015901278245121,0.011029870094347359
2018-02-27,0.0116884386206273,0.011999504491775344
2018-02-28,-0.0127883114414675,0.011812004274972148
2018-03-01,-0.011157806083656,0.012226900301589674
2018-03-02,-0.0134139658548764,0.012203375284216769
2018-03-05,0.0050587854851985,0.012661647648167754
2018-03-06,0.0109716176105265,0.011498516966256495
2018-03-07,0.0026353829319968,0.011283812053546467
2018-03-08,-0.0004839918257163,0.010175693241244264
2018-03-09,0.0044531482088846,0.009202143227800282
2018-03-12,0.0172295467412075,0.008500584370451843
2018-03-13,-0.0012747973379984,0.0106690155026157
2018-03-14,-0.0063839104143147,0.00965608660889099
2018-03-15,-0.0057409698251887,0.009311194558994214
2018-03-16,-0.0007822363990965,0.008934357414551616
2018-03-19,0.0017019979472317,0.008145474255323056
2018-03-20,-0.0143060405413734,0.007448291216162631
2018-03-21,0.0014807086617189,0.009626494805395014
2018-03-22,-0.0018456921256294,0.008714393292520106
2018-03-23,-0.0254848869728544,0.008014392808280629
2018-03-26,-0.0211898073117506,0.013865163388365714
2018-03-27,0.0267950407060353,0.015828651908413545
2018-03-28,-0.0174272856453219,0.018277466060560733
2018-03-29,-0.0029209188994626,0.01818915394591115
2018-04-02,0.0136757774938434,0.016261981388348702
2018-04-03,-0.0225906823434958,0.015586219069345542
2018-04-04,0.012535961315741,0.017401920997091185
2018-04-05,0.0115001023464467,0.016348046758484072
2018-04-06,0.0068394214016512,0.015325454603208626
2018-04-09,-0.0221640670570649,0.013929331703092133
2018-04-10,0.0033309949675928,0.016146684541940615
2018-04-11,0.016588598996314,0.01442912036439498
2018-04-12,-0.0055406857724611,0.0146881005174139
2018-04-13,0.008216898697657,0.013415098082743665
2018-04-16,-0.0028907998267066,0.012445716859748225
2018-04-17,0.008076336801563,0.011276340723143664
2018-04-18,0.0106050716138667,0.010643751008186953
2018-04-19,0.0008310204075532,0.010540299679983224
2018-04-20,-0.0057425817958325,0.009498915496148872
2018-04-23,-0.0085731771883527,0.009087431620938039
2018-04-24,5.623011118453955e-05,0.009255359088337039
2018-04-25,-0.0134708880064751,0.008396742027724877
2018-04-26,0.0018353742328236,0.009973585859616121
2018-04-27,0.0103801441873769,0.009020311102419337
2018-04-30,0.0011130052713638,0.009237140951554566
2018-05-01,-0.0082211925489212,0.008375059218397601
2018-05-02,0.0025458021710273,0.008640504129577677
2018-05-03,-0.0072319512014023,0.00789927730651875
2018-05-04,-0.002256217585064,0.008076604260978514
2018-05-07,0.0127298100283349,0.007506609114573108
2018-05-08,0.0034519805549899,0.008712513777079765
2018-05-09,-0.0002656766117338,0.008010175779519181
2018-05-10,0.0096356479348687,0.007338564553991706
2018-05-11,0.0093270116038483,0.007818304347242525
2018-05-14,0.0017061392709612,0.008107273650453405
2018-05-15,0.0008830995101265,0.007415806845878696
2018-05-16,-0.0068656550439908,0.0068165834685159875
2018-05-17,0.0040523398475144,0.007186681071767114
2018-05-18,-0.0008562387886101,0.006778143943680622
2018-05-21,-0.0026356652545503,0.006322131916559793
2018-05-22,0.0073596045479333,0.006094246947990955
2018-05-23,-0.0031406885928751,0.006410349281207163
2018-05-24,0.0032431452068987,0.006226278021034106
2018-05-25,-0.0020252629577225,0.005914329136591286
2018-05-29,-0.0023600030541859,0.005698816245288565
2018-05-30,-0.0116315725117922,0.005561331176476424
2018-05-31,0.0126158753519238,0.007664822180452333
2018-06-01,-0.0069033332434342,0.008788609133013912
2018-06-04,0.0107907997092398,0.008704603885388547
2018-06-05,0.0044695948983522,0.009086529732042863
2018-06-06,0.0007023462695756,0.00840443475703728
2018-06-07,0.0085309006373119,0.007659530193394623
2018-06-08,-0.0007144436219845,0.007824752548108209
2018-06-11,0.0031210289077513,0.007197228570069557
2018-06-12,0.0010681370069403,0.006710506105873857
2018-06-13,0.0017418672787038,0.006221346055511577
2018-06-14,-0.0040342545414114,0.00582475002172294
2018-06-15,0.0024685005225036,0.005895392039640363
2018-06-18,-0.001017620315494,0.005587482329222471
2018-06-19,-0.0021283911808865,0.005347713218921594
2018-06-20,-0.0040315179513912,0.0052553301901101385
2018-06-21,0.0017106902241125,0.005461570766738841
2018-06-22,-0.0063657288432202,0.005195412733306644
2018-06-25,0.0018602032551338,0.005913436762251572
2018-06-26,-0.0138197229677706,0.005573099060955498
2018-06-27,0.0022021505056967,0.008409715119106643
2018-06-28,-0.0086415863131411,0.0076886671547908335
2018-06-29,0.0061596800190312,0.008222849489107347
2018-07-02,0.000758115887517,0.007874812493774962
2018-07-03,0.0030632608342934,0.00720699428726375
2018-07-05,-0.0049596292805336,0.006714769468228105
2018-07-06,0.0085838567455378,0.006740383666666369
2018-07-09,0.0084455176005801,0.007146060092736797
2018-07-10,0.0087842907853415,0.007418522369841621
2018-07-11,0.0034672493188218,0.007693310764388813
2018-07-12,-0.0071194863719165,0.007150926612330157
2018-07-13,0.0087109915801719,0.007489033602700666
2018-07-16,0.0010786555366086,0.007731389670211329
2018-07-17,-0.0010286646208985,0.007085691066276115
2018-07-18,0.0039658243434434,0.006589177084467022
2018-07-19,0.0021581820767374,0.006277903735470871
2018-07-20,-0.0039608268490495,0.005887873358427043
2018-07-23,-0.0009488977712743,0.005932169768831718
2018-07-24,0.0018363623432315,0.005625451170272337
2018-07-25,0.0047695188860535,0.0053345550487741075
2018-07-26,0.0090604350703727,0.005374322915635701
2018-07-27,-0.0030369027488673,0.006299460082117339
2018-07-30,-0.0065838346448454,0.006124096960847849
2018-07-31,-0.0057707893155871,0.006618632532314331
2018-08-01,0.004872837219303,0.006814903577903331
2018-08-02,-0.0010408930675711,0.006563420544167437
2018-08-03,0.0049143495822087,0.006153508626416165
2018-08-06,0.0046334320653479,0.006037829824379064
2018-08-07,0.0035319826508016,0.005908539794270239
2018-08-08,0.0028202017464857,0.005680514213117751
2018-08-09,-0.0002624143932951,0.005434717010217508
2018-08-10,-0.0014427146770399,0.005180939973550986
2018-08-13,-0.0071393122632444,0.005052975861373474
2018-08-14,-0.0040140376659802,0.006014709150788921
2018-08-15,0.0063689300164174,0.0060391036754529415
2018-08-16,-0.0076312085813788,0.006178514149488826
2018-08-17,0.0078882145526381,0.006903234853511458
2018-08-20,0.003317606375263,0.007122805970388374
2018-08-21,0.0024250749021282,0.00666244630892441
2018-08-22,0.002066399954627,0.006221389506121804
2018-08-23,-0.0003982310542435,0.005836834769616445
2018-08-24,-0.0016926939235351,0.005517289066172827
2018-08-27,0.0061797059282853,0.0053459139964573445
2018-08-28,0.0076411414071104,0.0056218104446097514
2018-08-29,0.0002692420775983,0.006125983498567776
2018-08-30,0.0056852424689116,0.005735985868560653
2018-08-31,-0.004440172044458,0.005827954095951057
2018-09-04,0.0001344684673049,0.005967183587308903
2018-09-05,-0.0016556920488793,0.005606873512692447
2018-09-06,-0.0028070628012659,0.005414717617389206
2018-09-07,-0.0036589910366181,0.00539215358368966
2018-09-10,-0.0022157978950144,0.0055017077285440235
2018-09-11,0.0018960282146933,0.005387635151027634
2018-09-12,0.0037328656897154,0.005141921443105554
2018-09-13,0.0003566083498935,0.005087825539178782
2018-09-14,0.0052683521593913,0.0048787761839082806
2018-09-17,0.0002754439007663,0.00510786732279832
2018-09-18,-0.0055852909915492,0.004896767345501829
2018-09-19,0.0053546528676252,0.0055220466166132735
2018-09-20,0.0012524880331719,0.005609318309160931
2018-09-21,0.007810014185329,0.005305413064501769
2018-09-24,-0.000368600937007,0.005941171175457455
2018-09-25,-0.0035218823140138,0.005602210417062117
2018-09-26,-0.0013059484931179,0.00564162916288822
2018-09-27,-0.0032946996811599,0.005413084516206445
2018-09-28,0.0027594762285113,0.00546058311594965
2018-10-01,-6.870144138179519e-06,0.005251376847186011
2018-10-02,0.0036344923421985,0.005021539726524669
2018-10-03,-0.000396768910279,0.004981854805110088
2018-10-04,0.0007112667367183,0.00481916902664388
2018-10-05,-0.0082030354210098,0.004656739079758554
2018-10-08,-0.0055433145846221,0.006065781106530959
2018-10-09,-0.0003951947083496,0.006354714644006774
2018-10-10,-0.0014189098341542,0.005946772949168624
2018-10-11,-0.033416389042602,0.005670866988116046
2018-10-12,-0.0207875799725415,0.01622887983197469
2018-10-15,0.0141062354083762,0.017393151366231572
2018-10-16,-0.0059224822913,0.016579488730709267
2018-10-17,0.0212678280349012,0.015069806514831079
2018-10-18,-0.0002526942626648,0.016260622229694
2018-10-19,-0.0144964905753411,0.014493172239496203
2018-10-22,-0.0003612351352793,0.014642687591028252
2018-10-23,-0.0043087970964778,0.013080462281491925
2018-10-24,-0.0055270761806941,0.011929217395000519
2018-10-25,-0.0313507738611408,0.011074619699000003
2018-10-26,0.0184537179787141,0.017507028830071002
2018-10-29,-0.0174791380100031,0.0174610681736265
2018-10-30,-0.0065812082951939,0.017563174154941606
2018-10-31,0.0155453229718774,0.015973856447331364
2018-11-01,0.010792878754571,0.0156846109955181
2018-11-02,0.0105024988685292,0.014675434777276324
2018-11-05,-0.0063367210558797,0.013795868245647405
2018-11-06,0.0055846936971941,0.012739526299048738
2018-11-07,0.0062397877444086,0.011606310158537737
2018-11-08,0.020987078560774,0.010701417008318562
2018-11-09,-0.0025120689884914,0.013202534364950653
2018-11-12,-0.0092415859153724,0.011906432850762929
2018-11-13,-0.0198981509854674,0.0115944554078488
2018-11-14,-0.0014830188221738,0.013942676483612396
2018-11-15,-0.0075961888184505,0.012500933206116732
2018-11-16,0.0105380327426419,0.011817822447420074
2018-11-19,0.0022208375374839,0.011463314223852713
2018-11-20,-0.0167831612357214,0.010318109640742574
2018-11-21,-0.0183179955565859,0.012193335846308091
2018-11-23,0.0030386693107672,0.013888826193743358
2018-11-26,-0.0065764197118556,0.012450803721983034
2018-11-27,0.0154129758453664,0.011638531579088954
2018-11-28,0.0032563843646126,0.01232275488695502
2018-11-29,0.0227140513031137,0.01109974384044723
2018-11-30,-0.0021854945453934,0.013986513991880434
2018-12-03,0.0081375477166175,0.012568845095319322
2018-12-04,0.0108820017943624,0.0117264420590507
2018-12-06,-0.0329002288385561,0.011449503024534962
2018-12-07,-0.0015233879141442,0.018262698364668477
2018-12-10,-0.0235963354563222,0.01627387852757717
2018-12-11,0.0017606032229163,0.018153467146275748
2018-12-12,-0.0003564096753056,0.01614961195351064
2018-12-13,0.0054048710103512,0.014397649588785151
2018-12-14,-0.000199950312415,0.013018073422821535
2018-12-17,-0.0192712122686998,0.011660738198930846
2018-12-18,-0.0209922848285766,0.013801350010973094
2018-12-19,8.639685378910398e-05,0.01573008968388978
2018-12-20,-0.0155154591759368,0.014024611628167958
2018-12-21,-0.0158978094841039,0.014506676444408775
2018-12-24,-0.0208031204985406,0.014956716779965925
2018-12-26,-0.0274865728783144,0.016483591268503607
2018-12-27,0.048403177670805,0.019390146435460227
2018-12-28,0.0085262289688169,0.02738841636954556
2018-12-31,-0.0012423539102312,0.024506948827142622
2019-01-02,0.0084566258622068,0.021746660585551598
2019-01-03,0.0012676930626261,0.019599431962909704
2019-01-04,-0.0250683318189151,0.017414262555108865
2019-01-07,0.0337593990603464,0.01934797068669087
2019-01-08,0.0069859759952297,0.022644597315868025
2019-01-09,0.0096485873364973,0.020277299585172073
2019-01-10,0.0040896713328221,0.018436332686648786
2019-01-11,0.0045082413744622,0.01645734461944577
2019-01-14,-0.0001463085444824,0.014749928341193144
2019-01-15,-0.0052713945872494,0.013170597651260801
2019-01-16,0.010664618879761,0.012096098048184914
2019-01-17,0.0022195205290883,0.011708726558300775
2019-01-18,0.0075627307062357,0.010530841511010646
2019-01-22,0.0130969128398557,0.009958354905821752
2019-01-23,-0.0142584768279724,0.010539788167868474
2019-01-24,0.0022004899194508,0.011651649440599742
2019-01-25,0.0013747801109775,0.0104808379764525
2019-01-28,0.008452867700518,0.009450677925285577
2019-01-29,-0.0078777758487088,0.009213770105146804
2019-01-30,-0.0014573079351148,0.009216593727347086
2019-01-31,0.01542960989156,0.008418435618742184
2019-02-01,0.0085606488097677,0.010078047618016995
2019-02-04,0.0008982065848071,0.009735619227346856
2019-02-05,0.0067533811174796,0.008803597826746022
2019-02-06,0.0046973704373502,0.00843002422911009
2019-02-07,-0.0022269157175087,0.007874455611443365
2019-02-08,-0.0094011932022302,0.007334707157524259
2019-02-11,0.0006759725660127,0.00815239661803195
2019-02-12,0.0007088518038183,0.007444102385580899
2019-02-13,0.0128078529028386,0.006840737095473459
2019-02-14,0.0030194315937109,0.008296319565906707
2019-02-15,-0.0026551633836986,0.007630397951095418
2019-02-19,0.0108200046649575,0.007169787560536202
2019-02-20,0.001497621326592,0.00797973425273252
2019-02-21,0.0017755335607409,0.007302648864002861
2019-02-22,-0.0035326693258413,0.006734060280844342
2019-02-25,0.0063906386947104,0.006537476832019942
2019-02-26,0.0012311044497517,0.006565944639438225
2019-02-27,-0.0007907696728402,0.006101583669815867
2019-02-28,-0.000544197436298,0.005755763171809196
2019-03-01,-0.0028295075989504,0.005457380259773263
2019-03-04,0.006871656588713,0.005428615321832426
2019-03-05,-0.0038881073952551,0.0058206510110089885
2019-03-06,-0.0011321734897068,0.005868426416297377
2019-03-07,-0.006545473604125,0.0055853106686452065
2019-03-08,-0.0081589111383311,0.006226677670382324
2019-03-11,-0.0021339641314536,0.0070684476505744566
2019-03-12,0.0145595355634894,0.006655149366995486
2019-03-13,0.0029489657278051,0.008711843181977718
2019-03-14,0.0069255467570192,0.007979655639668279
2019-03-15,-0.0008683993315961,0.007790576830464753
2019-03-18,0.0049725194084307,0.007175188807304232
2019-03-19,0.003699096798908,0.006868331084557799
2019-03-20,-0.0001305700799267,0.006482368491286919
2019-03-21,-0.0029486967407696,0.006043784722357798
2019-03-22,0.0107940154946893,0.005908301126704913
2019-03-25,-0.0191568271342732,0.00712060026613231
2019-03-26,-0.00083937283331,0.011092512409325583
2019-03-27,0.007157052947934,0.010005058326039037
2019-03-28,-0.0046551432765988,0.009470177446029399
2019-03-29,0.0035830547152617,0.008918180937089354
2019-04-01,0.0067117060433246,0.008193466203627419
2019-04-02,0.0115021955180444,0.007929508959548566
2019-04-03,1.7455554858152623e-05,0.008686113787132936
2019-04-04,0.0021460724200891,0.007908896766640977
2019-04-05,0.0020824652429942,0.007260171640330135
2019-04-08,0.0046257176230991,0.006708276468103178
2019-04-09,0.0010469117505236,0.006447104408672991
2019-04-10,-0.0060859764356695,0.005999972398898283
2019-04-11,0.0034718377544999,0.00641914166065074
2019-04-12,3.8122340342693696e-05,0.006092112931350058
2019-04-15,0.0065875783895457,0.005713200448930756
2019-04-16,-0.0006295672443571,0.005973396843332953
2019-04-17,0.0005092283251399,0.005641136804628343
2019-04-18,-0.0022764008207388,0.005330048229073916
2019-04-22,0.0015778468242496,0.00525839023903724
2019-04-23,0.0010115058169329,0.0050248963435670715
2019-04-24,0.0088023511749953,0.004823858667815605
2019-04-25,-0.0021941686030362,0.005870788823048026
2019-04-26,-0.0003690417402728,0.005681073119430747
2019-04-29,0.0046743503233048,0.005387662684132674
2019-04-30,0.0010709485042338,0.0054017543870449195
2019-05-01,0.0009509646987914,0.005132246281697827
2019-05-02,-0.0075304458502913,0.004910837877431178
2019-05-03,-0.0021262446486827,0.006029071364305635
2019-05-06,0.0095921274789174,0.0058019588482963735
2019-05-07,-0.0044810131890725,0.006724719596268765
2019-05-08,-0.0166494880889055,0.0066689337435121366
2019-05-09,-0.0016067153894199,0.009969135162663118
2019-05-10,-0.0030259986619282,0.00907047457594783
2019-05-13,0.0037133940699186,0.008408968449097215
2019-05-14,-0.0244264691384975,0.007771596887869679
2019-05-15,0.007983987523216,0.01335391804882258
2019-05-16,0.005821994327723,0.012366874747697267
2019-05-17,0.008855957116499,0.011308050005878104
2019-05-20,-0.0058544371740438,0.010781196664646794
2019-05-21,-0.0067722579754053,0.010156934478779567
2019-05-22,0.0084599490931906,0.009777016934086549
2019-05-23,-0.0028283923638994,0.009476807863077329
2019-05-24,-0.0119856922412819,0.008734576885977141
2019-05-28,0.0013526437720373,0.009794268789352786
2019-05-29,-0.0084109500002602,0.00885730619659378
2019-05-30,-0.0069359101672313,0.009046284103467228
2019-05-31,0.002096272674997,0.008913808478682695
2019-06-03,-0.0132832052504529,0.008116118847241829
2019-06-04,-0.0027690706543079,0.00973604069788453
2019-06-05,0.0212059270810777,0.008949411761996678
2019-06-06,0.0081287269788136,0.012215866862716319
2019-06-07,0.0061168406760044,0.011430629556934486
2019-06-10,0.01044297924726,0.010540381847190243
2019-06-11,0.0046492200747654,0.010428809715555503
2019-06-12,-0.0003499414579512,0.009557039546651559
2019-06-13,-0.0020396578272374,0.008665455354941691
2019-06-14,0.0040890105028501,0.00798635306017322
2019-06-17,-0.0016128117861529,0.007446861798547203
2019-06-18,0.0009313154323528,0.006929143330958482
2019-06-19,0.0096704895929706,0.006404819062184458
2019-06-20,0.0029807167930238,0.007158121511567511
2019-06-21,0.0094276053358731,0.006668417400959599
2019-06-24,-0.0012600162797279,0.007285475408437753
2019-06-25,-0.001733388460587,0.00677046289341054
2019-06-26,-0.0095417756403875,0.006374325878212506
2019-06-27,-0.0012346956788039,0.0075346465000377776
2019-06-28,0.0038158857925908,0.00697844833098629
2019-07-01,0.0057409418405996,0.006583901035649105
2019-07-02,0.0076430186109539,0.006497907500668685
2019-07-03,0.0029238472769886,0.006768716261663934
2019-07-05,0.0076430956606841,0.006339470701931029
2019-07-08,-0.0018075342045486,0.006650500366715518
2019-07-09,-0.0048471730101237,0.006281172196352097
2019-07-10,0.0012357930584538,0.0063858639534642315
2019-07-11,0.0045005469360826,0.00595068937136715
2019-07-12,0.0022826195789485,0.005822086868298904
2019-07-15,0.0046095343020665,0.005516734320266217
2019-07-16,0.0001758537283841,0.005493425494356056
2019-07-17,-0.0034095845550103,0.0052144589062713305
2019-07-18,-0.0065526654660931,0.005325730925588686
2019-07-19,0.003575597708819,0.006048420606539955
2019-07-22,-0.0061958894648446,0.005798329579379591
2019-07-23,0.0028247016862503,0.006297308003794932
2019-07-24,0.0068241451392764,0.005941609091086445
2019-07-25,0.0046771928134757,0.0061899377584437925
2019-07-26,-0.0052762964835995,0.006035632941046882
2019-07-29,0.007360535770783,0.006279440118096977
2019-07-30,-0.0016174219290574,0.006548476271924013
2019-07-31,-0.0025819853720443,0.006181396708231937
2019-08-01,-0.0109452069521399,0.005974396689929879
2019-08-02,-0.009039527568806,0.007690104919586183
2019-08-05,-0.0073093885395651,0.008316994528949783
2019-08-06,-0.0302301821696947,0.008412282540343227
2019-08-07,0.0129330239111666,0.015869470189380088
2019-08-08,0.0007665823338588,0.015145289790263364
2019-08-09,0.018588462466865,0.013509146424249097
2019-08-12,-0.0066385931336571,0.014460882131199197
2019-08-13,-0.0123938091159153,0.013335571503691005
2019-08-14,0.0150183462673018,0.013314100449506719
2019-08-15,-0.0297303524545356,0.013497780764727902
2019-08-16,0.0024612366981802,0.01823710212683265
2019-08-19,0.014323058172245,0.016234083068911435
2019-08-20,0.0120331755643975,0.015672853433581865
2019-08-21,-0.0079462153121154,0.014843870828398565
2019-08-22,0.0082129795573529,0.0138145498824068
2019-08-23,-0.0005062029592785,0.012781585639476551
2019-08-26,-0.0262888811228378,0.01146113663505902
2019-08-27,0.0109231127307978,0.01591242501469992
2019-08-28,-0.0032083218005562,0.014883104199248279
2019-08-29,0.0065241515305625,0.013401820377842759
2019-08-30,0.0126074824410943,0.012254790252569946
2019-09-03,0.0006425807598767,0.01218692970437719
2019-09-04,-0.0069230093326854,0.010928328416197758
2019-09-05,0.0107837252784214,0.010427886977822676
2019-09-06,0.0129259129217597,0.010404611076341505
2019-09-09,0.0009101908043767,0.010832405723568058
2019-09-10,-9.401467889992668e-05,0.009751968967671928
2019-09-11,0.000322252425931,0.008827179218912644
2019-09-12,0.0072036723263872,0.008024842074679203
2019-09-13,0.0028750162782333,0.007870982516826578
2019-09-16,-0.000724676876966,0.007261955696750116
2019-09-17,-0.0031405129163559,0.006721839067766481
2019-09-18,0.0025784253724619,0.006477432326018612
2019-09-19,0.0003426332842671,0.006075557884687192
2019-09-20,1.9974521929475905e-05,0.005692661191299847
2019-09-23,-0.0049075991048803,0.005382781294083153
2019-09-24,-9.694061782751376e-05,0.005722158733040578
2019-09-25,-0.0084519889635514,0.005410851900778777
2019-09-26,0.0061396852419639,0.006605165838132042
2019-09-27,-0.0024318710096131,0.0065771333518902225
2019-09-30,-0.0053305345791285,0.006279473669854106
2019-10-01,0.0050349102152483,0.0064735531291831095
2019-10-02,-0.0123341269454128,0.006309375391578197
2019-10-03,-0.0180654041876438,0.008323398299919302
2019-10-04,0.0079403047738667,0.011359603520276847
2019-10-07,0.0141167852392592,0.010694308499275407
2019-10-08,-0.0044883522736815,0.011320976138235725
2019-10-09,-0.0156831595521099,0.010449428334071639
2019-10-10,0.0090632965148459,0.01197045673678675
2019-10-11,0.0063952024117826,0.011355094526033383
2019-10-14,0.010879579673789,0.01050536435939585
2019-10-15,-0.0013880816732189,0.010483570415820294
2019-10-16,0.0099064453764891,0.009501465201026514
2019-10-17,-0.0020015445531937,0.009513599801750604
2019-10-18,0.0027590219697752,0.008704353553317737
2019-10-21,-0.0039270457097998,0.007963583949547173
2019-10-22,0.0068481141053337,0.007586445365803985
2019-10-23,-0.0035750492583768,0.007465286893333826
2019-10-24,0.0028431033458307,0.0071352786653622645
2019-10-25,0.0019186046591713,0.006640631410963027
2019-10-28,0.004064429510656,0.006181079275155562
2019-10-29,0.0055658199161177,0.005955906659805242
2019-10-30,-0.0008327519564807,0.0059783897447293465
2019-10-31,0.0032480894008573,0.005656449567899504
2019-11-01,-0.003027438634539,0.005449973007809142
2019-11-04,0.0096159305596475,0.005450153837600726
2019-11-05,0.0036972458053124,0.006497510628409128
2019-11-06,-0.0011864027118206,0.00617679003547786
2019-11-07,0.0007022505922896,0.0058426127986526515
2019-11-08,0.0027263752442806,0.005495220690264802
2019-11-11,0.0025574031451158,0.005277075791242152
2019-11-12,-0.0019643954133371,0.005088356628424405
2019-11-13,0.001563423301263,0.005031769357777826
2019-11-14,0.0007112815701162,0.004840061073813612
2019-11-15,0.0008366926144567,0.004673610514258808
2019-11-18,0.0076660287779731,0.004539262800016722
2019-11-19,0.0005030263228096,0.005386576157371698
2019-11-20,-0.0005927700996925,0.005120585745207976
2019-11-21,-0.003763256420941,0.004941769430087081
2019-11-22,-0.0015840060861895,0.00517952799654278
2019-11-25,0.0021725739423759,0.005064912587693948
2019-11-26,0.0074792518874672,0.004893071003200597
2019-11-27,0.0021931636449402,0.005577958439678549
2019-11-29,0.0041657356252997,0.00531156335389164
2019-12-02,-0.004019286229989,0.005273632926695274
2019-12-03,-0.0086684836939636,0.005473146460777453
2019-12-04,-0.0066602252580451,0.0067060097003763
2019-12-05,0.0063036576087699,0.007061017687322964
2019-12-06,0.0014991269266302,0.0069622377317135
2019-12-09,0.009094246030426,0.006439682710079847
2019-12-10,-0.0031678336844743,0.007043644379651377
2019-12-11,-0.0010975361689841,0.00674211812120887
2019-12-12,0.0029039375293507,0.006305815669815836
2019-12-13,0.008538667375555,0.005954085155032285
2019-12-16,7.25791502146863e-05,0.0065680941964857955
2019-12-17,0.0071223609425427,0.006109887797375573
2019-12-18,0.0003352360284609,0.0063743041716636676
2019-12-19,-0.0004323936405227,0.005942149693994842
2019-12-20,0.0044493788218642,0.005605808185117161
2019-12-23,0.004932595804334,0.005541916940362495
2019-12-24,0.0008657687142985,0.005559290758144197
2019-12-26,-0.0001954673024681,0.005260701938457189
2019-12-27,0.0051150624100539,0.005036081712913683
2019-12-30,3.3984139657930306e-05,0.005199881773079421
2019-12-31,-0.0057975960793499,0.00497823264857929
2020-01-02,0.0029416906441907,0.005627997738756779
2020-01-03,0.0083438953623167,0.005401203893162379
2020-01-06,-0.0070849093649545,0.006135825580468577
2020-01-07,0.0035271451942725,0.006742025563026119
2020-01-08,-0.0028071750845948,0.00636301874211945
2020-01-09,0.0048904734856411,0.0061471826148288234
2020-01-10,0.0066332141169064,0.006029567617393742
2020-01-13,-0.0028592624875049,0.0062197408882269534
2020-01-14,0.0069519940459332,0.006038029246199496
2020-01-15,-0.0015156808368957,0.0062870397743362
2020-01-16,0.0018684502436879,0.005957741742967374
2020-01-17,0.008331747422232,0.005610093296891684
2020-01-21,0.0038547232474851,0.006277423841815108
2020-01-22,-0.0026555003695853,0.006012132782731235
2020-01-23,0.000289034296681,0.005846772421611959
2020-01-24,0.0011403261933582,0.0055035933232614395
2020-01-27,-0.0090832894261937,0.0052167165741270165
2020-01-28,-0.015855752356844,0.0066665799814910704
2020-01-29,0.0100033835003525,0.009691842376520664
2020-01-30,-0.0008672501435846,0.009680567151848072
2020-01-31,0.003129456930211,0.008788650652043373
2020-02-03,-0.0178644435713629,0.008055036863872916
2020-02-04,0.0072284257612325,0.01114002019723701
2020-02-05,0.014869315917506,0.010420502486957998
2020-02-06,0.0111877786589729,0.011303719859945008
2020-02-07,0.0033201550570019,0.011169035478598101
2020-02-10,-0.0054154910094583,0.0101057083753232
2020-02-11,0.0072996901205732,0.009540567900611103
2020-02-12,0.0016870486860021,0.009108685123502977
2020-02-13,0.006441853105203,0.008272602737877641
2020-02-14,-0.0016317763599886,0.007954358924389103
2020-02-18,0.0018418360984854,0.0073572146875037344
2020-02-19,-0.0029242139861477,0.006782162708370615
2020-02-20,0.0046947482842849,0.006500665161031684
2020-02-21,-0.0038228174279975,0.006287451634969436
2020-02-24,-0.0105738092328197,0.006222946950168182
2020-02-25,-0.0340880794204407,0.007731753550373748
2020-02-26,-0.0307479043753532,0.017152916883431624
2020-02-27,-0.00378569732353,0.020800019587159675
2020-02-28,-0.0451681363522611,0.018582380932914762
2020-03-02,-0.008272463109653,0.026389893589819483
2020-03-03,0.0450108687694132,0.023735723348514943
2020-03-04,-0.0285104849229145,0.028878786223951014
2020-03-05,0.0413363493606331,0.02874724176082303
2020-03-06,-0.0345107824399811,0.03125443123807941
2020-03-09,-0.0172009436523861,0.03186737235961435
2020-03-10,-0.0790104129403714,0.029339125303259328
2020-03-11,0.0482150524258591,0.044171322830208706
2020-03-12,-0.0501028928086054,0.04444370697739578
2020-03-13,-0.0999448524024735,0.04542724200056735
2020-03-16,0.0888084069492359,0.06038534821226831
2020-03-17,-0.1276521974728174,0.06631713544725326
2020-03-18,0.0582263126356917,0.08209170285973334
2020-03-19,-0.0532222723320802,0.07694273767859305
2020-03-20,0.004696760970401,0.07215599957785837
2020-03-23,-0.0443276240533668,0.06378045425610677
2020-03-24,-0.0297315010095767,0.05987465059337676
2020-03-25,0.0896832325179632,0.054653296844065925
2020-03-26,0.0114689904208222,0.06256645021777171
2020-03-27,0.0605438310742465,0.05549642095931862
2020-03-30,-0.0342678455416263,0.055858203977129504
2020-03-31,0.0329665905699747,0.051807403167875556
2020-04-01,-0.0161423107884158,0.04800129141155878
2020-04-02,-0.0451463627327869,0.04311089895655718
2020-04-03,0.0225726570569603,0.043317986004725854
2020-04-06,-0.0152528608259442,0.03952243738204993
2020-04-07,0.0679682441448303,0.03569008129067621
2020-04-08,-0.0016043390483624,0.04358764943266341
2020-04-09,0.0334893711912846,0.03855865182644319
2020-04-13,0.0143834703036993,0.037107818680182696
2020-04-14,-0.0101560594446771,0.03338442517590111
2020-04-15,0.0301145595723075,0.02995151739675654
2020-04-16,-0.0222767326723692,0.02958279516372014
2020-04-17,0.0057998378395412,0.02816143251146423
2020-04-20,0.0264409320213205,0.02504326736107369
2020-04-21,-0.0180428456153477,0.024983867616863536
2020-04-22,-0.0311551152363306,0.023700992662754165
2020-04-23,0.0226713005821367,0.025426355300259555
2020-04-24,-0.0005395676601955,0.024565221052747346
2020-04-27,0.0138220905668392,0.021786820043503387
2020-04-28,0.0146068681817359,0.020190759701440835
2020-04-29,-0.0052561701904836,0.018963440510281895
2020-04-30,0.026236704045073,0.01707292380269495
2020-05-01,-0.0092551433190548,0.018980406787227875
2020-05-04,-0.0284602110147759,0.017462061182192942
2020-05-05,0.0042408225788494,0.020325219722814276
2020-05-06,0.0089999351977798,0.01811517448020402
2020-05-07,-0.0070038803990425,0.01652083184233745
2020-05-08,0.0114389557548908,0.015124142482362875
2020-05-11,0.0167307950652262,0.014302509056605293
2020-05-12,0.0001330693667907,0.014622051588749296
2020-05-13,-0.0207133657720476,0.013055341159216841
2020-05-14,-0.01761699662428,0.015145493653040604
2020-05-15,0.0114589178040714,0.015829794671417884
2020-05-18,0.003918675203723,0.01488910143945732
2020-05-19,0.0310152087700734,0.013357135250240182
2020-05-20,-0.0105397477115992,0.018034807686457027
2020-05-21,0.0165139906134157,0.01682661296062481
2020-05-22,-0.0078039683099536,0.01654462226254257
2020-05-26,0.0023509456868123,0.015231188419529765
2020-05-27,0.0122142850214605,0.013601443890363895
2020-05-28,0.0147184474903143,0.013185520186505692
2020-05-29,-0.0021101393249195,0.01333586988490784
2020-06-01,0.0048007935523079,0.012000790537414029
2020-06-02,0.0037442164783643,0.010912282895481396
2020-06-03,0.0081773072823986,0.009907719072492615
2020-06-04,0.0135566708125639,0.009537740142487525
2020-06-05,-0.0033743890836089,0.010343712830671764
2020-06-08,0.0258740128216358,0.009515999298325811
2020-06-09,0.011969656405806,0.014136946840257748
2020-06-10,-0.0078297434197219,0.01357722540636955
2020-06-11,-0.005327255735182,0.01274181160035358
2020-06-12,-0.0607526929962889,0.011738201736347102
2020-06-15,0.0129762866052117,0.029499043904100374
2020-06-16,0.0082778608181752,0.02668226143983363
2020-06-17,0.0187848528667105,0.023875767384971307
2020-06-18,-0.0036067962326294,0.02264593693054434
2020-06-19,0.0005940434038017,0.020187623395074555
2020-06-22,-0.0056655135656737,0.017929939210508363
2020-06-23,0.0064740932966583,0.016210229784352072
2020-06-24,0.0042981691914837,0.01466076675633623
2020-06-25,-0.0261952655956623,0.013177597144555934
2020-06-26,0.0108998277282181,0.01688728901351428
2020-06-29,-0.0245252042748311,0.015695711455361486
2020-06-30,0.0145788881135335,0.018010707221601703
2020-07-01,0.0152923494357555,0.017160810657259776
2020-07-02,0.0050095639758705,0.01658938529527408
2020-07-06,0.0045309704768169,0.014891417991037999
2020-07-07,0.0157569308321632,0.013390331317081445
2020-07-08,-0.0108774778696435,0.01371443365616964
2020-07-09,0.0077969862634302,0.013330215517375765
2020-07-10,-0.0056595914761946,0.012325460665685083
2020-07-13,0.010411809774443,0.011422987624955536
2020-07-14,-0.0094066452160588,0.011124821936200744
2020-07-15,0.0133173005829039,0.011002719587283567
2020-07-16,0.009041056936355,0.01136909711918041
2020-07-17,-0.0034119152141152,0.010858930628692056
2020-07-20,0.0028445625875835,0.009956855020338985
2020-07-21,0.0083717972551403,0.009039853631931043
2020-07-22,0.00167762933456,0.008872517094354495
2020-07-23,0.0057306305944738,0.008069703933525052
2020-07-24,-0.0123963784122468,0.007693261980784255
2020-07-27,-0.0062096400242761,0.009204551812172541
2020-07-28,0.0073679288214823,0.008919546921215207
2020-07-29,-0.0064944354186463,0.008614136744803715
2020-07-30,0.0123517833517425,0.008495293603245708
2020-07-31,-0.0037573017634548,0.00929920910200234
2020-08-03,0.0076412362421762,0.008673096979793836
2020-08-04,0.0071553626643586,0.008458870975279588
2020-08-05,0.0036054230261335,0.008210375614548931
2020-08-06,0.0064091604355179,0.007596084882892799
2020-08-07,0.0064071260206648,0.007404335230965962
2020-08-10,0.0006328292699566,0.00725092563761683
2020-08-11,0.0027384652733919,0.006677269484809734
2020-08-12,-0.0080010554013772,0.006251452236130942
2020-08-13,0.0138995022936135,0.007045660355996022
2020-08-14,-0.0020492726761566,0.00874793555276245
2020-08-17,-0.000171897396279,0.00805687562223569
2020-08-18,0.0027061775074234,0.007375683766163405
2020-08-19,0.0023007404198168,0.006834633974978808
2020-08-20,-0.004414123345182,0.0063593946130820886
2020-08-21,0.0031536547683461,0.006372193620186127
2020-08-24,0.0034351999829724,0.006027284576927596
2020-08-25,0.0099936153649035,0.00576807765222991
2020-08-26,0.0035898997455401,0.00680868377851817
2020-08-27,0.0101440013448414,0.006423500053492209
2020-08-28,0.0016716460318091,0.007290277232125306
2020-08-31,0.0067100028495702,0.006720808730694245
2020-09-01,-0.0021973751755085,0.006763146237235378
2020-09-02,0.0074968314207059,0.0064088109668039425
2020-09-03,0.0152490501438697,0.006672595581753197
2020-09-04,-0.0357575941421853,0.008942347474193306
2020-09-08,-0.0081662807542751,0.018272001304411502
2020-09-09,-0.0281488290864667,0.016738608801175062
2020-09-10,0.0199447606621803,0.01975302429268758
2020-09-11,-0.0177412459253955,0.019522831681407383
2020-09-14,0.0005329301580873,0.01923229088956639
2020-09-15,0.0126613350250229,0.01709130411302583
2020-09-16,0.0052057859304996,0.01610875914295714
2020-09-17,-0.0046296468921518,0.01448557550056741
2020-09-18,-0.0084479495285524,0.013160568688923183
2020-09-21,-0.0112455769478285,0.01248527325735937
2020-09-22,-0.0116385640272977,0.012422787560647436
2020-09-23,0.0104630163983761,0.012451573651786669
2020-09-24,-0.0240073389143741,0.011963059165597303
2020-09-25,0.002983005554629,0.015448263146513465
2020-09-28,0.0158504392241884,0.013808004784095251
2020-09-29,0.0159821918538544,0.014053758972647405
2020-09-30,-0.0048242827044439,0.014270446362091576
2020-10-01,0.0082198425683796,0.012992593028363888
2020-10-02,0.005278949564295,0.012091366889427083
2020-10-05,-0.0096238128663708,0.011026675612974048
2020-10-06,0.0178131090029009,0.010966446732190022
2020-10-07,-0.0140720643875232,0.012456935905892256
2020-10-08,0.0172471637702415,0.013001288563020304
2020-10-09,0.0079782128948692,0.013763463499677914
2020-10-12,0.0087550951807528,0.01271165740117428
2020-10-13,0.0162825301583242,0.011925222674165384
2020-10-14,-0.0063268916291632,0.012741730713275966
2020-10-15,-0.0066451720840594,0.01185098056574647
2020-10-16,-0.001528923514213,0.011148511724732862
2020-10-19,0.0001349104566304,0.010081019400194402
2020-10-20,-0.0164646635149426,0.009106933761591676
2020-10-21,0.0047161953200011,0.01131811312112954
2020-10-22,-0.0021981140115702,0.010321171845619813
2020-10-23,0.0052053540034913,0.00940695748408491
2020-10-26,0.0034398383203894,0.008742986563539957
2020-10-27,-0.018764472985322,0.008035240541867262
2020-10-28,-0.0030302053504455,0.011434546451553387
2020-10-29,-0.0359255421085777,0.010417818141031583
2020-10-30,0.0118765249399974,0.0189371206522173
2020-11-02,-0.0122037134452599,0.017543388280541347
2020-11-03,0.0122429508905916,0.016661993159971432
2020-11-04,0.0176427376840778,0.01569204263780459
2020-11-05,0.0218075256550917,0.015883696111565166
2020-11-06,0.0192732657767012,0.01698636171998745
2020-11-09,-0.0002877565853738,0.017227881136928806
2020-11-10,0.0116319747463441,0.015340637179694765
2020-11-11,-0.0014007752208676,0.014509811245049424
2020-11-12,0.0076227283629914,0.012991770637569492
2020-11-13,-0.0100286515470693,0.012020283397150664
2020-11-16,0.013518546706294,0.01182592210550509
2020-11-17,0.0115807349228326,0.01203871754854917
2020-11-18,-0.0048034437846475,0.011823385550822359
2020-11-19,-0.0116312106474813,0.010906469931107414
2020-11-20,0.0039386756907327,0.01128763506310656
2020-11-23,-0.0068157373729185,0.010241973568365878
2020-11-24,0.0056201081818496,0.009852707874704169
2020-11-25,0.0160324588140317,0.009159635625024322
2020-11-27,-0.0015856747555094,0.010739144754577674
2020-11-30,0.0023941110259011,0.009730962844050483
2020-12-01,-0.004606140636972,0.008827555881249
2020-12-02,0.0112081406615929,0.008381800687256934
2020-12-03,0.0017895645286042,0.008942218019062581
2020-12-04,-0.0006243520802942,0.008132007339803762
2020-12-07,0.0087974637151868,0.0074545780420008
2020-12-08,-0.0019375134389632,0.007723171368140908
2020-12-09,0.0027832711701704,0.007184745284389644
2020-12-10,-0.0079809649484717,0.006678537806260925
2020-12-11,-0.0012859345277717,0.007340168969187311
2020-12-14,-0.0012657980842328,0.006817984559527666
2020-12-15,-0.0043687882451469,0.006379723558952286
2020-12-16,0.0128384820222186,0.006380611541183035
2020-12-17,0.001771225620323,0.00801440079925625
2020-12-18,0.0057411428089832,0.007338262743929118
2020-12-21,-0.0035172969521487,0.007100398803650113
2020-12-22,-0.0039139284869094,0.006831197498239152
2020-12-23,-0.0020752446917703,0.006667875625932826
2020-12-24,0.0007455332718186,0.006319017436997302
2020-12-28,0.0035303499794869,0.005891968438793353
2020-12-29,0.0086847075384115,0.005666915385807016
2020-12-30,-0.0022298648272786,0.0064025097720033924
2020-12-31,0.0013406480950792,0.006116259086071858
2021-01-04,0.0064182047117037,0.005727210669924369
2021-01-05,-0.0148647627120257,0.005951576592466853
2021-01-06,0.007057631383362,0.008970622505919946
2021-01-07,0.005693603382474,0.008609422837214163
2021-01-08,0.0147382601077529,0.008132399560199784
2021-01-11,0.0054768373935153,0.009691545940389243
2021-01-12,-0.0065763276166213,0.009009483282064535
2021-01-13,0.0004157020305695,0.008823057108094445
2021-01-14,0.0022730563867261,0.008020246118007323
2021-01-15,-0.0037605130687431,0.0073596327074172485
2021-01-19,-0.0072160007982785,0.00707275728055958
2021-01-20,0.0081034576357616,0.007451653239459952
2021-01-21,0.0138394173765108,0.007582454962914379
2021-01-22,0.0003166731613135,0.009074014301632882
2021-01-25,-0.0030151526629377,0.008236869759330228
2021-01-26,0.0036093175130174,0.007709717677265822
2021-01-27,-0.0014899431611535,0.007175469307902768
2021-01-28,-0.0260133151261003,0.0066933266671743005
2021-01-29,0.0097132987787603,0.01351699046416343
2021-02-01,-0.019500377654792,0.012724598781343919
2021-02-02,0.0159243002346786,0.014579730906554083
2021-02-03,0.0138025288143106,0.014664341735788724
2021-02-04,0.0010082606153447,0.01431934719269314
2021-02-05,0.0107948476439219,0.01278748014272234
2021-02-08,0.0038899196077638,0.012289471556397568
2021-02-09,0.007372107476289,0.011102387644843881
2021-02-10,-0.0011141454217211,0.010407046146602435
2021-02-11,-0.0003452445223915,0.00942354979766889
2021-02-12,0.0016610748145877,0.008550524240203146
2021-02-16,0.0046999709261626,0.007793477899392302
2021-02-17,-0.0005694345154154,0.007345433594842069
2021-02-18,-0.0003204533489169,0.006785494676051173
2021-02-19,-0.0044256142272433,0.006304310554240879
2021-02-22,-0.0018566190956649,0.0063312582083036644
2021-02-23,-0.0077628928937108,0.006022664413442642
2021-02-24,0.0012555296115265,0.006827928042077495
2021-02-25,0.0112876676709859,0.006322234196274206
2021-02-26,-0.0247833944241718,0.007528077622987046
2021-03-01,-0.0047615322937987,0.013381148732504677
2021-03-02,0.0235121732256935,0.012226376612532584
2021-03-03,-0.0081136787395087,0.014941434811312045
2021-03-04,-0.0131523358948011,0.013917697021297571
2021-03-05,-0.0135080380643904,0.01392014763777972
2021-03-08,0.0193083563387091,0.01399427249506266
2021-03-09,-0.0053736432240254,0.014991673359138043
2021-03-10,0.0140554007439305,0.013659176391383043
2021-03-11,0.0060122037709881,0.01357065364144926
2021-03-12,0.0103418255006576,0.012353779513285677
2021-03-15,0.0010148833275308,0.011864131291448435
2021-03-16,0.006470939539413,0.010647681042442078
2021-03-17,-0.0015709169785959,0.00991923069042575
2021-03-18,0.0028752446501592,0.009025780391887894
2021-03-19,-0.0148705600659477,0.008243603406016512
2021-03-22,-0.000602885673755,0.01029020562283778
2021-03-23,0.0070005568983427,0.009304442083550711
2021-03-24,-0.007660118119334,0.008873507618549721
2021-03-25,-0.0054823366003488,0.008910438725743536
2021-03-26,0.0052265834327292,0.00857088065784871
2021-03-29,0.0164944186587165,0.008046874254433978
2021-03-30,-0.0008683896263867,0.010161196225635844
2021-03-31,-0.00316282940965,0.009202185619120392
2021-04-01,0.0036159535924198,0.008532454100848918
2021-04-05,0.0117558304276741,0.007868846229876714
2021-04-06,0.0143349877622439,0.00870623390346049
2021-04-07,-0.0009740049407969,0.009962373843102532
2021-04-08,0.0014741456981068,0.009035095490836397
2021-04-09,0.0042117509405917,0.008205475684303569
2021-04-12,0.0076902881356872,0.007641135096080747
2021-04-13,-0.0001960980747395,0.007652063145778296
2021-04-14,0.0032890718770625,0.007032064348693371
2021-04-15,-0.0040961043207301,0.006584672463565631
2021-04-16,0.0110331014011194,0.006498679646311653
2021-04-19,0.0036023233905179,0.007575144658755449
2021-04-20,-0.0053206898937579,0.007062225994389817
2021-04-21,-0.0068255610050778,0.007073119147593893
2021-04-22,0.0092630209198532,0.0073691776152610185
2021-04-23,-0.0092533378605543,0.007758216343651089
2021-04-26,0.0108694098955309,0.008417050806020343
2021-04-27,0.0017806845645826,0.008890416013722717
2021-04-28,-0.0002149189814442,0.0080873684558407
2021-04-29,-0.000845897587396,0.007402852933093121
2021-04-30,0.0067400415367024,0.006846383876322598
2021-05-03,-0.0072207134171198,0.006865867159428406
2021-05-04,0.0027443216495121,0.007300191845897202
2021-05-05,-0.0067007374898472,0.006773259281492894
2021-05-06,0.0007032164471135,0.007119466437885758
2021-05-07,0.008132299498632,0.006565663176234657
2021-05-10,0.0073462914191863,0.006920270708438051
2021-05-11,-0.010490480503138,0.007031617882911749
2021-05-12,-0.0087117501417815,0.00823178323782595
2021-05-13,-0.0216827823583024,0.008638696116266116
2021-05-14,0.012099644578094,0.012774701969306322
2021-05-17,0.0148077785636236,0.012503096879894947
2021-05-18,-0.0025332581839619,0.012832350970067305
2021-05-19,-0.0085537723840327,0.01158764670996246
2021-05-20,-0.0029477518113784,0.011221039614596362
2021-05-21,0.0104994293345084,0.010228969922672417
2021-05-24,-0.0007841880752528,0.010194747479776731
2021-05-25,0.009862497481216,0.009228074955541857
2021-05-26,-0.0021275454008285,0.00929273013060669
2021-05-27,0.0018750575506104,0.008524745596360508
2021-05-28,0.0011646360898629,0.007776626318494506
2021-06-01,0.0007685864528873,0.007124923729587909
2021-06-02,-0.0004924547586291,0.006570105995162023
2021-06-03,0.0014458890369002,0.006130664853019821
2021-06-04,-0.0036353030560493,0.005741306455975814
2021-06-07,0.0087953033830163,0.005767035565215967
2021-06-08,-0.0007970562694215,0.0064989032190476475
2021-06-09,0.0001750095494412,0.006085900915414186
2021-06-10,-0.0018255325906156,0.005704592785587115
2021-06-11,0.0046414547764629,0.005509605790470722
2021-06-14,0.0019465389328083,0.005492268623849306
2021-06-15,0.0018135563851361,0.005229683923249088
2021-06-16,-0.0020137199542758,0.005009700971794239
2021-06-17,-0.0054047037470264,0.004975406144855761
2021-06-18,-0.0004358105436726,0.005535495370941552
2021-06-21,-0.0132113556872841,0.005271235608635412
2021-06-22,0.0139051635123198,0.00804218297458908
2021-06-23,0.0051114063789906,0.00939598477258153
2021-06-24,-0.0010838705186495,0.008724435347924667
2021-06-25,0.0057944295459168,0.00797929770775414
2021-06-28,0.0033250631646875,0.007627624903510655
2021-06-29,0.0023122888604717,0.007085493097144821
2021-06-30,0.0002772977426878,0.006570595436572034
2021-07-01,0.0013272784229071,0.006107637945100268
2021-07-02,0.0052080414322547,0.005719790241169257
2021-07-06,0.0074720958946916,0.0057390573492702825
2021-07-07,-0.0020239027700217,0.006173403909961358
2021-07-08,0.0033533465536629,0.005909129689200339
2021-07-09,-0.0085978810095563,0.0056644755995157855
2021-07-12,0.0112148259024137,0.006809221091593673
2021-07-13,0.003445232695594,0.007833015965683745
2021-07-14,-0.0035230111811655,0.007266675392225798
2021-07-15,0.0011642565654693,0.006966971354408396
2021-07-16,-0.0032675735627459,0.006438379284513412
2021-07-19,-0.0075674150068132,0.0062651490178305584
2021-07-20,-0.0159967813999839,0.0069484133828325405
2021-07-21,0.0150488060047999,0.009892973033500877
2021-07-22,0.008208041662144,0.010974106885929964
2021-07-23,0.0020146392092429,0.010412956886763546
2021-07-26,0.0100943323862544,0.009403846244593745
2021-07-27,0.0023793669227295,0.009474146594546193
2021-07-28,-0.004723583382178,0.008606341170808744
2021-07-29,-0.0001862792315527,0.00821609762269779
2021-07-30,0.0041973318452726,0.007511832692092663
2021-08-02,-0.0054207136082611,0.007061376982844087
2021-08-03,-0.0018445056700603,0.0070899744947230635
2021-08-04,0.008169961338918,0.006648518756360199
2021-08-05,-0.0046431506612954,0.006989615792485339
2021-08-06,0.0059874859904191,0.00690348971541517
2021-08-09,0.0016738645485288,0.00678843811939434
2021-08-10,-0.0009403502649549,0.00629751562008522
2021-08-11,0.0009921869538634,0.005926635759111342
2021-08-12,0.0012749307180154,0.005565218706536647
2021-08-13,0.0041378077354786,0.005269436477137577
2021-08-16,0.0016060163209228,0.005237009544728071
2021-08-17,0.0026174222619943,0.005008314361617232
2021-08-18,-0.0070857435071379,0.004876212323063274
2021-08-19,-0.0108066528452543,0.0058853549665228416
2021-08-20,0.0012559032561569,0.007593739210235714
2021-08-23,0.0081086038907417,0.006970359457783118
2021-08-24,0.0084876679844121,0.007217621285078553
2021-08-25,0.001494618801962,0.007480995859762493
2021-08-26,0.0022176574032508,0.006878439833966591
2021-08-27,-0.0058419498276026,0.006392394602274954
2021-08-30,0.0087690715404522,0.00665850136506508
2021-08-31,0.0042973241068746,0.007126908203647851
2021-09-01,-0.0013500269158932,0.0067531228131847525
2021-09-02,0.0003116400609533,0.00633135838491323
2021-09-03,0.0028386057544042,0.005906625024884837
2021-09-07,-0.0003350872611813,0.005620914218635629
2021-09-08,-0.0034013524523203,0.0053367178942884015
2021-09-09,-0.0013194368138166,0.005418092877876419
2021-09-10,-0.0046162471500025,0.005233021633992714
2021-09-13,-0.0077525522862761,0.0055544003760471285
2021-09-14,0.0022739003463696,0.006508169245349509
2021-09-15,-0.0057632139662586,0.006085084488096285
2021-09-16,0.0084382942220797,0.006413706954861252
2021-09-17,-0.0015523447127638,0.006875028466840317
2021-09-20,-0.0091526302757993,0.006447192682505921
2021-09-21,-0.0171230777263818,0.007477624620659526
2021-09-22,-0.0008126886585469,0.010567220684240361
2021-09-23,0.00947458522422,0.009550303409006535
2021-09-24,0.0120616803699359,0.009471055272104852
2021-09-27,0.0014599428113642,0.009941226835858118
2021-09-28,-0.0027802439201876,0.00898550714459685
2021-09-29,-0.020574317739894,0.008315486844023022
2021-09-30,0.0015679543362838,0.012213712791654592
2021-10-01,-0.0119812029450149,0.010956402855516087
2021-10-04,0.0114259521133341,0.011403169225434232
2021-10-05,-0.0130709520486437,0.011291978099977035
2021-10-06,0.0104695174986015,0.011903001485607278
2021-10-07,0.0040943993496248,0.011520333889086035
2021-10-08,0.0082640392250654,0.010451662597059864
2021-10-11,-0.0019155566024214,0.00999320178825322
2021-10-12,-0.0068894416443398,0.00910866900853547
2021-10-13,-0.0024197056865549,0.00895519573391381
2021-10-14,0.0030179558702319,0.008260080899294904
2021-10-15,0.0169191622857115,0.007599582437527053
2021-10-18,0.00743252063719,0.010024580943218939
2021-10-19,0.0033690878018038,0.009523821999655816
2021-10-20,0.0073661427842357,0.008695875148207797
2021-10-21,0.0036573335985606,0.008433574374934883
2021-10-22,0.00299139316836,0.007788243574053863
2021-10-25,-0.0010731292246643,0.0071988661864031715
2021-10-26,0.0047369594408535,0.0066866814709456365
2021-10-27,0.0018181414322441,0.006442933038551426
2021-10-28,-0.0050643703711055,0.006012152735043096
2021-10-29,0.009781288424184,0.006221100267683387
2021-11-01,0.0019474372317175,0.00705863080454487
2021-11-02,0.0017984589459023,0.006533406808172217
2021-11-03,0.0036736071203885,0.006087201297503308
2021-11-04,0.0064404946128902,0.005839323592453229
2021-11-05,0.004173222342817,0.00604010388132866
2021-11-08,0.0037258500452844,0.005854267975739432
2021-11-09,0.0008873940607025,0.005655801706607913
2021-11-10,-0.0035049109264001,0.005340390478734036
2021-11-11,-0.008259842163861,0.005437245946849974
2021-11-12,0.0005507883329889,0.006568509292105878
2021-11-15,0.0071966975641304,0.006102219034935044
2021-11-16,-1.0739878017001878e-05,0.006383362966896228
2021-11-17,0.0038577790571266,0.0059574180550416135
2021-11-18,-0.0026050154828958,0.005752855290622028
2021-11-19,0.0033790647401719,0.005633421991096513
2021-11-22,-0.001399644604988,0.005443347732966132
2021-11-23,-0.0032022583169607,0.00526009386729593
2021-11-24,0.0016557613831952,0.005328554855476681
2021-11-26,0.0022912237766672,0.0050846635010093465
2021-11-29,-0.0229870111593211,0.0049158376065587955
2021-11-30,0.0131138360828242,0.011658664198986746
2021-12-01,-0.0191433811878505,0.011825479818689998
2021-12-02,-0.0118855414579559,0.013873359959330723
2021-12-03,0.0140946383960577,0.013639696760248088
2021-12-06,-0.0084844551417386,0.013563039732201273
2021-12-07,0.0116625993096861,0.012822159073597472
2021-12-08,0.0204956031862525,0.012463535513653572
2021-12-09,0.0030805355865858,0.01422070458947551
2021-12-10,-0.0072069882325236,0.012741159765773278
2021-12-13,0.0095037691182097,0.011962828545788659
2021-12-14,-0.0091781583427938,0.011414379486815986
2021-12-15,-0.0074987228546236,0.011190411697032264
2021-12-16,0.0162162673518908,0.010729161515029485
2021-12-17,-0.0087818633111124,0.01186616331953294
2021-12-20,-0.0103409645840536,0.011483647333717983
2021-12-21,-0.0114533983232565,0.011462554129430418
2021-12-22,0.0176217553851954,0.011671909810805684
2021-12-23,0.0101287280291275,0.012897235209132208
2021-12-27,0.0062044126852516,0.012274324873713004
2021-12-28,0.0137440515736058,0.01126445063291999
2021-12-29,-0.0010106653988873,0.011660796231266441
2021-12-30,0.0014009134018576,0.010502739367013677
2021-12-31,-0.0029942338419043,0.009469937525609515
2022-01-03,-0.0026296343734744,0.008742956229343173
2022-01-04,0.0063538241703883,0.008098163438048301
2022-01-05,-0.0006298202522032,0.007800492742770333
2022-01-06,-0.019583264304501,0.007173126360218173
2022-01-07,-0.0009642337401809,0.01127287469507253
2022-01-10,-0.0040584410823365,0.010165337820387164
2022-01-11,-0.0014420705375388,0.009431011527263116
2022-01-12,0.0091182864523993,0.00860088182662987
2022-01-13,0.002813792014667,0.008663085045513726
2022-01-14,-0.0143460292344005,0.007931118498100895
2022-01-18,0.0008196442695905,0.009935008795625424
2022-01-19,-0.0185591053980085,0.008975616532724303
2022-01-20,-0.0097367909414601,0.011900621559244309
2022-01-21,-0.0110987423043307,0.011677686946383768
2022-01-24,-0.0190959953246354,0.01176428960681242
2022-01-25,0.0027679047582695,0.013819034430332082
2022-01-26,-0.0122465905568662,0.012380972809825792
2022-01-27,-0.0014977569258856,0.01254355472736524
2022-01-28,-0.0053986351999709,0.01128627147470955
2022-01-31,0.0240559679147366,0.01052047931114558
2022-02-01,0.0187098262229844,0.014070434013992784
2022-02-02,0.006839560348317,0.014901638847492384
2022-02-03,0.0093784004483244,0.013565894070357992
2022-02-04,-0.0246934717201206,0.01271922823734753
2022-02-07,0.0051436784398636,0.016128371795346257
2022-02-08,-0.0037085809278284,0.01449885737059654
2022-02-09,0.0083661134666343,0.013101894245601858
2022-02-10,0.0144128420792647,0.01220096510384458
2022-02-11,-0.018281824485056,0.012516649077033332
2022-02-14,-0.0191516826380865,0.01410157666171837
2022-02-15,-0.0038479907556283,0.015445705307519908
2022-02-16,0.0156437176460641,0.01392959118803344
2022-02-17,0.0008808197202838,0.01410331497634801
2022-02-18,-0.0214005041369366,0.012598559767009613
2022-02-22,-0.0071919616638663,0.01504212337903317
2022-02-23,-0.010194735435016,0.013889886587129573
2022-02-24,-0.0185837357487884,0.013355416208711036
2022-02-25,0.014846105252724,0.014768555820631754
2022-02-28,0.0221260805512657,0.014597208055280798
2022-03-01,-0.0024455914631261,0.016144500013430544
2022-03-02,-0.015594467786613,0.014457665108394578
2022-03-03,0.0184710467806521,0.01485204925814743
2022-03-04,-0.0052685207442456,0.01542706108008938
2022-03-07,-0.0079656845430019,0.014023036087687655
2022-03-08,-0.0299625868144164,0.013131135913882019
2022-03-09,-0.007260043975698,0.018106021624980186
2022-03-10,0.0253735981221411,0.016503736191609764
2022-03-11,-0.0043010499202472,0.018349751451861084
2022-03-14,-0.0130462789332381,0.01647664825051324
2022-03-15,-0.0074486750955333,0.015932686657331243
2022-03-16,0.0211826297241449,0.014672561244148636
2022-03-17,0.0221369216483934,0.015952910361434376
2022-03-18,0.0122722050687002,0.01711855846102406
2022-03-21,0.0115948144118881,0.01607498202714465
2022-03-22,-0.0004347548543014,0.015111914834084096
2022-03-23,0.0112406995540742,0.013491678356769437
2022-03-24,-0.0123486302524952,0.012933942013360759
2022-03-25,0.014242012281618,0.01299216898509772
2022-03-28,0.0050533807042376,0.013087840659232575
2022-03-29,0.0071195510200425,0.011864540040957683
2022-03-30,0.012182044101391,0.011014147774374271
2022-03-31,-0.0063135889990887,0.011136908479029463
2022-04-01,-0.0157763352268817,0.01051261223989186
2022-04-04,0.003404420961463,0.01203921087710888
2022-04-05,0.0080583825321336,0.01086114814869627
2022-04-06,-0.0126311590740053,0.010298910878804976
2022-04-07,-0.0097644339124797,0.011070134123344481
2022-04-08,0.0042443655520372,0.011027432224756538
2022-04-11,-0.0026545466755523,0.010038364020510155
2022-04-12,-0.0170213345846961,0.00919746017348485
2022-04-13,-0.0034233005304522,0.011545906444840121
2022-04-14,0.0111126032689019,0.010543465210889436
2022-04-18,-0.0122184803835081,0.010558414456695479
2022-04-19,-0.0002048892724065,0.011161574726562944
2022-04-20,0.0159300447493866,0.010047802355656263
2022-04-21,-0.0006186664061825,0.011314369022559579
2022-04-22,-0.014862855551311,0.01019027963551566
2022-04-25,-0.0281320763773669,0.011568588506803302
2022-04-26,0.0056817651441118,0.016608033398793676
2022-04-27,-0.0285500089285977,0.014948399486735509
2022-04-28,0.0020958490249645,0.018724808789581895
2022-04-29,0.0244456553408321,0.01665515810560378
2022-05-02,-0.0369591597846941,0.018212078162377254
2022-05-03,0.0056591992938186,0.023411713168450293
2022-05-04,0.0048254650753595,0.020875988562681136
2022-05-05,0.0294252215573258,0.01862067540479552
2022-05-06,-0.036300677564099,0.02092448911240469
2022-05-09,-0.0056903844139527,0.024920664683223764
2022-05-10,-0.0325615195396041,0.02228247531405144
2022-05-11,0.0024548817604092,0.024779486509196424
2022-05-12,-0.0166002320956977,0.021978956379714296
2022-05-13,-0.0012968049941124,0.02100414001779662
2022-05-16,0.0235892679568694,0.018671054021815982
2022-05-17,-0.0039542085177224,0.019475031542594886
2022-05-18,0.0199689195814626,0.017435436262716462
2022-05-19,-0.0412338092912488,0.017722713660818113
2022-05-20,-0.0058508647773478,0.024550407869680886
2022-05-23,0.0001461310919903,0.021969161558969733
2022-05-24,0.0183849954120607,0.01949742404294658
2022-05-25,-0.008153950903558,0.019022587398951737
2022-05-26,0.0094063856489315,0.017377363068115288
2022-05-27,0.0196881660077208,0.015933441350528755
2022-05-31,0.024441130195822,0.016518515007725623
2022-06-01,-0.0062941351936669,0.018113558788133154
2022-06-02,-0.0075109050411554,0.01642092107115184
2022-06-03,0.0182632254155451,0.015093472098586623
2022-06-06,-0.016482405609817,0.015561929802634766
2022-06-07,0.003132489407036,0.015888277990469796
2022-06-08,0.0094783315317198,0.014196854097731094
2022-06-09,-0.0108526230401553,0.013258491126709753
2022-06-10,-0.0240864576651555,0.01296090477624833
2022-06-13,-0.0295424148114094,0.016088414489483345
2022-06-14,-0.0395399319900399,0.019750667841334738
2022-06-15,-0.0037808180394896,0.025180353424928335
2022-06-16,0.0144870588365344,0.02241444559733487
2022-06-17,-0.0330522071138406,0.020805216533447194
2022-06-21,0.0021984473410133,0.023895161800116506
2022-06-22,0.0241824749606719,0.02119771308610227
2022-06-23,-0.0013024200953574,0.02152520673396071
2022-06-24,0.0094870724855565,0.019128503839433635
2022-06-27,0.030105539729901,0.017436170561019256
2022-06-28,-0.0029774998903406,0.02030770630937175
2022-06-29,-0.0203486731494949,0.01811511449730895
2022-06-30,-0.0007119988201726,0.01868943739463466
2022-07-01,-0.0087978662463676,0.016628568503931004
2022-07-05,0.0104985112966391,0.015420527070792832
2022-07-06,0.0015828751061934,0.014415367243566447
2022-07-07,0.0035667957050661,0.0128755841662398
2022-07-08,0.0148537231809303,0.011592783166828099
2022-07-11,-0.0008306163961273,0.012157979703459769
2022-07-12,-0.0115944176605255,0.010927924503540985
2022-07-13,-0.0092868684974937,0.01129570280063441
2022-07-14,-0.0044668641118166,0.01111578436490847
2022-07-15,-0.0030031388127643,0.010273931587930142
2022-07-18,0.0190192316586336,0.009425261494536406
2022-07-19,-0.0083987424858359,0.011796488886941528
2022-07-20,0.0272535176437308,0.011364151155488701
2022-07-21,0.0058784939410571,0.015626100320491394
2022-07-22,0.0098130666895046,0.014112224377123365
2022-07-25,-0.0093762872938138,0.013232586264233273
2022-07-26,0.0013143029733058,0.012687935851406894
2022-07-27,-0.0116103425992633,0.0113662508304293
2022-07-28,0.025820048778629,0.011631637251089766
2022-07-29,0.0120603197919128,0.015304018893985727
2022-08-01,0.0141077757817535,0.014544760010459155
2022-08-02,-0.0028270765449167,0.014280204484741495
2022-08-03,-0.0066846883788709,0.012857177014404088
2022-08-04,0.0155174562700907,0.011991709082818339
2022-08-05,-0.0007776424495837,0.012608450324522076
2022-08-08,-0.0016270690189191,0.01131758813884789
2022-08-09,-0.0012383171221209,0.01023153765240264
2022-08-10,-0.0042577442359264,0.009277775897200585
2022-08-11,0.0210671584604074,0.008710914607643649
2022-08-12,-0.0007057229222018,0.012033829040970322
2022-08-15,0.0171740469514926,0.01081651986121354
2022-08-16,0.0039616840562331,0.012180376705903323
2022-08-17,0.0018739228259478,0.011012255939670961
2022-08-18,-0.007264114867648,0.00991893142792531
2022-08-19,0.0022669896063847,0.009664741323893802
2022-08-22,-0.0129839287130388,0.008766246611225742
2022-08-23,-0.0216323664664945,0.01008363086801897
2022-08-24,-0.0022403704344374,0.013558826567853326
2022-08-25,0.0029119166987241,0.012200526487427213
2022-08-26,0.013993241836107,0.010979718645911362
2022-08-29,-0.0342685763170395,0.011503709477727938
2022-08-30,-0.0066886751973248,0.01879760410491396
2022-08-31,-0.011089416492117,0.01704399941095627
2022-09-01,-0.007847738208153,0.016080558583976588
2022-09-02,0.0029917522671948,0.014843532242252757
2022-09-06,-0.0107945525707243,0.013280780473276941
2022-09-07,-0.0041034646908951,0.012968256097531355
2022-09-08,0.0181748486661698,0.011815783410999113
2022-09-09,0.0065889668804424,0.013143689073516115
2022-09-12,0.015156014981211,0.012040911377541168
2022-09-13,0.0105286514839956,0.012561638006247891
2022-09-14,-0.044199163031974,0.012063024977256174
2022-09-15,0.0033812890788447,0.022867493301157917
2022-09-16,-0.0113822721681495,0.02031717753646227
2022-09-19,-0.0072080497756631,0.01885184174942534
2022-09-20,0.0068336977247057,0.017137884317281984
2022-09-21,-0.0113361147366004,0.015489006414015155
2022-09-22,-0.0172646740985063,0.014842883326275692
2022-09-23,-0.0084632938304539,0.015521816359706314
2022-09-26,-0.0173828287673307,0.014448861563415771
2022-09-27,-0.0103943608902805,0.015257202895790517
2022-09-28,-0.0021226109548247,0.014503235105213334
2022-09-29,0.0194811441811523,0.01301477510606066
2022-09-30,-0.0213527948230975,0.014331732219660161
2022-10-03,-0.0151813515462093,0.016194151856397096
2022-10-04,0.0255545775309301,0.016106566906229976
2022-10-05,0.0301253414167998,0.01812169862152101
2022-10-06,-0.0020199875589381,0.020776185776035443
2022-10-07,-0.0102979229113952,0.0184904715577697
2022-10-10,-0.028403196531478,0.017176409133928087
2022-10-11,-0.0075206731336527,0.020117860227902726
2022-10-12,-0.0065405184123237,0.018254242468236793
2022-10-13,-0.0032961996501662,0.016563576134529252
2022-10-14,0.0256342593076311,0.014865217610101109
2022-10-17,-0.0239471207445284,0.017297269545429123
2022-10-18,0.0261355245575618,0.018968479758814192
2022-10-19,0.0113627682070874,0.020310607475991352
2022-10-20,-0.0066944552396843,0.018644017933168087
2022-10-21,-0.0079826867387666,0.016912408439711115
2022-10-24,0.0234477598604472,0.015563147495208042
2022-10-25,0.0118119402051114,0.01717541685024638
2022-10-26,0.0161357700158749,0.01605796713007707
2022-10-27,-0.0074151403989898,0.015863776810423648
2022-10-28,-0.0061011850531844,0.014610407925738497
2022-10-31,0.0243280367708563,0.013404492529561713
2022-11-01,-0.0074823270303364,0.01594826718789361
2022-11-02,-0.004109663720359,0.014689561550765978
2022-11-03,-0.0253198437374828,0.013295177397585848
2022-11-04,-0.0106424225319565,0.016682047277082963
2022-11-07,0.0135268232855639,0.01571527147471571
2022-11-08,0.0095680616793591,0.015117235069845731
2022-11-09,0.0055822828287603,0.014040880734218192
2022-11-10,-0.0209967847123034,0.012723504657189718
2022-11-11,0.0539525156647976,0.015005777162188802
2022-11-14,0.009198312304769,0.027283443397043843
2022-11-15,-0.008975940544918,0.02445970840355744
2022-11-16,0.0086753764146691,0.022124275476024427
2022-11-17,-0.0082862831118737,0.01994338804295042
2022-11-18,-0.0030941046442292,0.018178020689390378
2022-11-21,0.0047472956481582,0.01626043814468189
2022-11-22,-0.0038912498002756,0.014591065489120177
2022-11-23,0.0134886062698283,0.013194323151436689
2022-11-25,0.0058972660417383,0.013095273420183288
2022-11-28,-0.0002830842622024,0.011936970898915038
2022-11-29,-0.0155646967940648,0.010722081495801053
2022-11-30,-0.0015931337016243,0.012124954529052436
2022-12-01,0.0304786435212949,0.010927730135629138
2022-12-02,-0.0008680098296065,0.01651674684722223
2022-12-05,-0.0011953746637614,0.014728936233796853
2022-12-06,-0.0180562496309722,0.013176093838316047
2022-12-07,-0.014503869422986,0.014503635868198334
2022-12-08,-0.0018641072533816,0.01465231231043483
2022-12-09,0.0074936344139332,0.013133290363640153
2022-12-12,-0.0073767194642132,0.01212530774321886
2022-12-13,0.01417830729965,0.011476711722751876
2022-12-14,0.0072632232554572,0.011917391528553365
2022-12-15,-0.0060711166238359,0.011075121071213778
2022-12-16,-0.025237477901826,0.010428963839835733
2022-12-19,-0.0112002399460116,0.014979549343698342
2022-12-20,-0.0090483289411038,0.01440641815060541
2022-12-21,0.0010368006978907,0.01360050491220093
2022-12-22,0.0147585486690542,0.012160022193795134
2022-12-23,-0.0145571424981456,0.012561596482483424
2022-12-27,0.005850952271915,0.01319152937969048
2022-12-28,-0.0040578440346594,0.012015463074662995
2022-12-29,-0.0120934704429486,0.010997924985263863
2022-12-30,0.0173106343149943,0.011459560048267139
2023-01-03,-0.0025439756461108,0.012666236414235078
2023-01-04,-0.0040085724812736,0.011444819426128806
2023-01-05,0.0075106945621389,0.01050787855307878
2023-01-06,-0.0117138691364571,0.009932375319583868
2023-01-09,0.0225838355890308,0.010582525754492351
2023-01-10,-0.0007679273259905,0.013628519002123427
2023-01-11,0.0069539979705937,0.012204865787226455
2023-01-12,0.0127675711922936,0.011282257255193927
2023-01-13,0.0034100849120427,0.011464110471320798
2023-01-17,0.003988892144656,0.010364675748166852
2023-01-18,-0.0020325554309963,0.009453692155526761
2023-01-19,-0.0156849669777446,0.008655325895284715
2023-01-20,-0.0076676719018124,0.010796597578001037
2023-01-23,0.0187416735523519,0.010436916847478042
2023-01-24,0.0118113159513285,0.012362217692340497
2023-01-25,-0.0007117563642918,0.012122457114463582
2023-01-26,-0.0001817415734656,0.01089361526238691
2023-01-27,0.0109477080291143,0.009815234862140204
2023-01-30,0.0024917340217038,0.009961982209726303
2023-01-31,-0.0130535693152926,0.009029834887923534
2023-02-01,0.0145363044164195,0.01028225417809929
2023-02-02,0.0103980562968847,0.011121625804181955
2023-02-03,0.0145923846268543,0.01088159425193214
2023-02-06,-0.0104085926372854,0.011571244587695541
2023-02-07,-0.0061593931939392,0.011544208942494923
2023-02-08,0.012790364037397,0.010829835808995748
2023-02-09,-0.0111425730124113,0.011123454523037724
2023-02-10,-0.0088690098310373,0.011346823899700901
2023-02-13,0.0021928557092171,0.011081827468781072
2023-02-14,0.0113835699511551,0.00998693323107477
2023-02-15,-0.0002804538554937,0.010183244658125796
2023-02-16,0.0027693375330766,0.009203322109811068
2023-02-17,-0.0138846892048816,0.008390280944967066
2023-02-21,-0.0027712421722827,0.010089133677811888
2023-02-22,-0.0202447839734716,0.009249628081645533
2023-02-23,-0.0015747954856433,0.012616355816807558
2023-02-24,0.0053152782632377,0.011352599566199911
2023-02-27,-0.0105934646197741,0.010399148994608632
2023-02-28,0.0030682925395522,0.010677987967090305
2023-03-01,-0.0030406198309477,0.009670457821049276
2023-03-02,-0.0047364642034928,0.008916530678322236
2023-03-03,0.0075535937311959,0.008471885942187125
2023-03-06,0.016018749176483,0.008283943716012983
2023-03-07,0.0006869307788483,0.0101651458005654
2023-03-08,-0.0154455904792625,0.009174627499894877
2023-03-09,0.0014137941356032,0.011055237918853851
2023-03-10,-0.0186318579454823,0.00994855953168987
2023-03-13,-0.0145839694360666,0.012512118002842939
2023-03-14,-0.0015109018407387,0.013161081384646039
2023-03-15,0.0163423882353636,0.011822618394159249
2023-03-16,-0.0070053639293535,0.012681571654859357
2023-03-17,0.0174095762490317,0.011886436528585035
2023-03-20,-0.0110806212739537,0.012994719027387488
2023-03-21,0.0088788696359408,0.012792952121350268
2023-03-22,0.0128986475185591,0.012009351498230285
2023-03-23,-0.0166002486398428,0.012052663426069482
2023-03-24,0.0029800838691824,0.013329047016762316
2023-03-27,0.0056239630843032,0.01196186525204548
2023-03-28,0.001645599563767,0.010945190732575792
2023-03-29,-0.0015750832883878,0.009856512908299628
2023-03-30,0.0141368707750468,0.008972246498819812
2023-03-31,0.0056989991994826,0.010092233492402316
2023-04-03,0.0143333277820365,0.009369008491288905
2023-04-04,0.0036920225658028,0.010420407292640576
2023-04-05,-0.0058138397451625,0.009482467472561587
2023-04-06,-0.0024954816571214,0.0090843951338776
2023-04-10,0.0035727731328032,0.008375354963317053
2023-04-11,0.00099580701701,0.007732969791790791
2023-04-12,-4.135333298352082e-05,0.007086534434629733
2023-04-13,-0.0041434563234613,0.006549022453183477
2023-04-14,0.0131755104978315,0.006477755973425438
2023-04-17,-0.0020715175845779,0.008176145978042603
2023-04-18,0.0033007035826147,0.007575636854800103
2023-04-19,0.0008548548034659,0.007040125989918185
2023-04-20,-8.426554793962826e-05,0.0064983785705205665
2023-04-21,-0.0059703351883111,0.006055757339965908
2023-04-24,0.0009027812573008,0.006435272739091121
2023-04-25,0.0008512167782723,0.005989324287429288
2023-04-26,-0.0159371838185764,0.005616830549250613
2023-04-27,-0.0038485835033448,0.009187954664439911
2023-04-28,0.0193771934026963,0.008589952800651253
2023-05-01,0.0082193313132434,0.011404058241050067
2023-05-02,-0.0003861810485107,0.01076886494767155
2023-05-03,-0.0116539066805717,0.009711921419513995
2023-05-04,-0.0070229080548929,0.010407274714754932
2023-05-05,-0.0072449134550627,0.010019020031986762
2023-05-08,0.0183061663818797,0.009741754247297745
2023-05-09,0.000452026484882,0.011781137904152614
2023-05-10,-0.0045899389490595,0.010576506635692385
2023-05-11,0.0044739422419144,0.00983321554610112
2023-05-12,-0.0016980648897067,0.009036640499636378
2023-05-15,-0.001584561589439,0.00827884136692399
2023-05-16,0.0029537976803169,0.00762833696034621
2023-05-17,-0.0063981076819174,0.007061748850695826
2023-05-18,0.0118206886220715,0.007273706108581084
2023-05-19,0.0094007230637271,0.008309839926063859
2023-05-22,-0.0014469138806754,0.008494937413516906
2023-05-23,0.0001550226798023,0.007803213361756212
2023-05-24,-0.0112854687682842,0.0071521749210946214
2023-05-25,-0.0073455126783052,0.008533712090904878
2023-05-26,0.0087194560790118,0.008586795484761855
2023-05-30,0.0129646809316407,0.008577132443169004
2023-05-31,1.660313066576836e-05,0.009511566541932666
2023-06-01,-0.006127358186214,0.008617915331360188
2023-06-02,0.0098062150858538,0.008436360774320752
2023-06-05,0.0144298123901074,0.008674240481823237
2023-06-06,-0.0020055914906577,0.009966443955555343
2023-06-07,0.0023511302338505,0.009091292265157994
2023-06-08,-0.0038192939264206,0.008276902211225937
2023-06-09,0.0061695716075232,0.007830760861392682
2023-06-12,0.0011474010230505,0.007558028054098863
2023-06-13,0.0092779749817541,0.006938831055927488
2023-06-14,0.0069085707259088,0.007445626943675209
2023-06-15,0.0008190899801265,0.0073638222817667
2023-06-16,0.0121045804935899,0.006772426349398382
2023-06-20,-0.003678376467751,0.008051545132072867
2023-06-21,-0.004746353835236,0.0076283957323018065
2023-06-22,-0.0052590863669252,0.0074276620297493165
2023-06-23,0.0037039303873345,0.007349063811197446
2023-06-26,-0.0076882880565021,0.0068817297369758775
2023-06-27,-0.0044969343631321,0.007417057713366988
2023-06-28,0.0113907335241807,0.007221220834971229
2023-06-29,-0.0003541393883898,0.008161097485081861
2023-06-30,0.00446356811449,0.007469837532290077
2023-07-03,0.0121943502618857,0.0070530988839411415
2023-07-05,0.0011699930926736,0.008262052985128469
2023-07-06,-0.0019702580976127,0.007539132402568814
2023-07-07,-0.0079540611758947,0.007033199560075639
2023-07-10,-0.0028692127957334,0.0075879400410862625
2023-07-11,0.0024021386106263,0.00715605499771187
2023-07-12,0.0067195839982548,0.006634140279465112
2023-07-13,0.0073839052353896,0.006697751041714723
2023-07-14,0.0084344829896271,0.006868652608027374
2023-07-17,-0.0010249321969074,0.007208890936899871
2023-07-18,0.0038479695744204,0.006692402193280909
2023-07-19,0.0070920669414283,0.006351062069272253
2023-07-20,0.0023551348272336,0.006549794237286269
2023-07-21,-0.0067798273962576,0.006123786841427617
2023-07-24,0.000324042014613,0.006662757269704293
2023-07-25,0.0040260384968748,0.006184240820766202
2023-07-26,0.0028107195758387,0.005954307884334952
2023-07-27,-0.0001554509786759,0.005658047150972097
2023-07-28,-0.006445393055197,0.005360076711641005
2023-07-31,0.0098293758104338,0.0060460862816557725
2023-08-01,0.0014676354365687,0.006951438701585874
2023-08-02,-0.0026686453076827,0.006429928286013947
2023-08-03,-0.0139362006383361,0.006185307689155021
2023-08-04,-0.0025512254502915,0.008776350884180278
2023-08-07,-0.0053141693739379,0.008119695355341242
2023-08-08,0.0089836189648565,0.007907995738539663
2023-08-09,-0.0042272051000588,0.0081044681672599
2023-08-10,-0.0070636191020451,0.007740088671075723
2023-08-11,0.0002506825210808,0.007921629103373008
2023-08-14,-0.0010702648992294,0.0072513708153412616
2023-08-15,0.005734004879419,0.006730629329573934
2023-08-16,-0.0116181393960964,0.006613099916175911
2023-08-17,-0.0075840817926245,0.008286794869075914
2023-08-18,-0.007742811377529,0.008443044692574907
2023-08-21,-0.0001487178839572,0.008594388781251155
2023-08-22,0.0068556348597997,0.00783411378098285
2023-08-23,-0.0027813310465456,0.007663410506999979
2023-08-24,0.0109843307107913,0.007209619079471164
2023-08-25,-0.013549353984008,0.008048986330985955
2023-08-28,0.0066955010602951,0.009770441806652009
2023-08-29,0.0062450785941964,0.009216127536606588
2023-08-30,0.0144040687120565,0.008701071552960115
2023-08-31,0.0038258541811929,0.009977651538484103
2023-09-01,-0.0015982129743398,0.009112054013082169
2023-09-05,0.0017975127655185,0.008337148400034983
2023-09-06,-0.0042029978213812,0.007614258297296475
2023-09-07,-0.0069960144914322,0.007338215034734058
2023-09-08,-0.0032164331157329,0.007603472081174442
2023-09-11,0.001425606062257,0.007206294647026231
2023-09-12,0.0067009514981355,0.006644402283875757
2023-09-13,-0.0057121690230039,0.006702405322858978
2023-09-14,0.0012408621175346,0.0068672642916793895
2023-09-15,0.0083945855336662,0.0063551852691638815
2023-09-18,-0.0122341458424939,0.006822771002498825
2023-09-19,0.0007210276941755,0.008603101459308383
2023-09-20,-0.0021533273615331,0.00782964002207046
2023-09-21,-0.009439204206291,0.0072911002719341445
2023-09-22,-0.016536918318488,0.008131418783397343
2023-09-25,-0.0022982374027607,0.010746311803239027
2023-09-26,0.0040149942038066,0.009777560695831689
2023-09-27,-0.0148441654822649,0.008954366341241478
2023-09-28,0.0002292877722947,0.010735818928965591
2023-09-29,0.0058758771430006,0.009671861989621259
2023-10-02,-0.0027132596482893,0.00903598377510156
2023-10-03,7.936440615299324e-05,0.008352314861539391
2023-10-04,-0.0138393958634492,0.007622002601399241
2023-10-05,0.0080770476078289,0.009587911894954204
2023-10-06,-0.0013048811469951,0.00926345956250971
2023-10-09,0.0117456420939611,0.008450510348006727
2023-10-10,0.0062840681193874,0.009119131465173779
2023-10-11,0.0051944760999853,0.008625909170149486
2023-10-12,0.004283819500095,0.00808912577814356
2023-10-13,-0.0062660249406549,0.007550290450212316
2023-10-16,-0.0050314956602198,0.007622131826083906
2023-10-17,0.0105386423025899,0.007466447666650003
2023-10-18,-9.824987944376509e-05,0.008121124683796865
2023-10-19,-0.0134904082511518,0.007428544195205102
2023-10-20,-0.0085190323280579,0.00936120343333665
2023-10-23,-0.0126651491961559,0.00945507260296052
2023-10-24,-0.0016869920654349,0.010475126110682123
2023-10-25,0.0072395235196288,0.009509065426737373
2023-10-26,-0.014443434657238,0.009074398173458084
2023-10-27,-0.0119030812055848,0.010698782597101962
2023-10-30,-0.0048118385786207,0.011192905096042241
2023-10-31,0.0119384743002859,0.010375466575181179
2023-11-01,0.0064540848216882,0.010596139884735423
2023-11-02,0.0104511949901918,0.009874156265542144
2023-11-03,0.0186829389340864,0.009908702059276563
2023-11-06,0.0093498835445514,0.012000853155835342
2023-11-07,0.0017514577241005,0.011422288312544009
2023-11-08,0.0028360934017119,0.010271920644060057
2023-11-09,0.0010044110324198,0.009310410448459991
2023-11-10,-0.0081166906990687,0.008437502212681346
2023-11-13,0.0154957592707722,0.008666080914213696
2023-11-14,-0.00083618844137,0.010259395273052783
2023-11-15,0.0188953704745772,0.009285626533822595
2023-11-16,0.0015957382078471,0.011671317219361139
2023-11-17,0.0011897193967137,0.010485486111998343
2023-11-20,0.0012812279371779,0.009452898873096683
2023-11-21,0.0073631037937956,0.008562268048445404
2023-11-22,-0.0020229759317579,0.008325775907757111
2023-11-24,0.0040529050943133,0.0076980902452298975
2023-11-27,0.000596695609645,0.007202912539199693
2023-11-28,-0.0019560693168983,0.006636836510976575
2023-11-29,0.0009796385280502,0.006282704563554709
2023-11-30,-0.0009466966151019,0.005861915043244709
2023-12-01,0.0037769312649946,0.005567565864280332
2023-12-04,0.0058565589538466,0.005430797206731062
2023-12-05,-0.0054231880638269,0.0056254831777945696
2023-12-06,-0.0005690315939348,0.00600529582611964
2023-12-07,-0.0039138519449437,0.0056644518839688756
2023-12-08,0.0079366106848219,0.005752193387450796
2023-12-11,0.0040871341465037,0.006285592802553451
2023-12-12,0.0039168135477814,0.006043075960203623
2023-12-13,0.0045888127956924,0.0058283477471492455
2023-12-14,0.0135583451750198,0.005736211432893632
2023-12-15,0.0026435651851544,0.007855394302161695
2023-12-18,-7.625240044859478e-05,0.007236387750015899
2023-12-19,0.0045181222634005,0.0066765477975727775
2023-12-20,0.0058492674508189,0.006408771417309986
2023-12-21,-0.0147931479653056,0.006376796414780531
2023-12-22,0.0102487693072718,0.009171286610881459
2023-12-26,0.001658682152761,0.009325656601215029
2023-12-27,0.0042227610469785,0.008458506375329798
2023-12-28,0.0014294356164229,0.007854364047191156
2023-12-29,0.0003701061103271,0.007194628080383554
2024-01-02,-0.0028304770367338,0.006632146417644758
2024-01-03,-0.0056766607997231,0.006367887147836309
2024-01-04,-0.0080486183271976,0.006607270950596443
2024-01-05,-0.0034342716633174,0.007306087480286503
2024-01-08,0.0018240216394339,0.006988122458660616
2024-01-09,0.0140159454363531,0.006469953582064542
2024-01-10,-0.0014789938523175,0.008430252490838792
2024-01-11,0.0056499806504959,0.007750192903902049
2024-01-12,-0.0006712808369611,0.007422005691331809
2024-01-16,0.0007506937530339,0.0068544783166369005
2024-01-17,-0.0037383190523568,0.006341734711390598
2024-01-18,-0.0056327312711078,0.006253324935560165
2024-01-19,0.0087667207262431,0.006512616974104363
2024-01-22,0.0122383082325485,0.007020433471674604
2024-01-23,0.0021919211872316,0.008252482303604078
2024-01-24,0.0029171153407644,0.007554226450560785
2024-01-25,0.0008115989762168,0.006997110251310536
2024-01-26,0.0052465781349779,0.0064620220057059405
2024-01-29,-0.0006519977554263,0.006329126314085747
2024-01-30,0.0075283655052462,0.0059371209305381645
2024-01-31,-0.0006008303969786,0.00632972037762151
2024-02-01,-0.0162368517407336,0.005935113675260137
2024-02-02,0.0124162861140497,0.009450704155581168
2024-02-05,0.0106277707226331,0.010007430410812635
2024-02-06,-0.0031914247092839,0.010046707920920956
2024-02-07,0.0023077459317481,0.00924820699232583
2024-02-08,0.0082076825940086,0.008409860136947082
2024-02-09,0.0005704205400905,0.008345986557929369
2024-02-12,0.0057259171287955,0.007610161295533109
2024-02-13,-0.0009494041426524,0.0073182131641087575
2024-02-14,-0.0137686094198454,0.006780290737889468
2024-02-15,0.0095341683042168,0.009058537237132597
2024-02-16,0.00580437267404,0.009097776336341427
2024-02-20,-0.004815043575961,0.008549847791894612
2024-02-21,-0.0060234264658172,0.008182483118935577
2024-02-22,0.0012634014951035,0.008073326679064059
2024-02-23,0.0209028886664034,0.007378914855833512
2024-02-26,0.0003478870265021,0.011259164937026542
2024-02-27,-0.0037939392446684,0.010124169185010239
2024-02-28,0.0017048955387209,0.00936959897229726
2024-02-29,-0.0016595313211122,0.008497238014477115
2024-03-01,0.0052154704557999,0.007818116274753656
2024-03-04,0.0079759364333879,0.007423541372499932
2024-03-05,-0.001193974574963,0.007536504874471958
2024-03-06,-0.0102454062759179,0.0069776334192147935
2024-03-07,0.0051279328530016,0.008128595354251807
2024-03-08,0.0102514022849836,0.007669335074404644
2024-03-11,-0.0065499229920503,0.008200434130789311
2024-03-12,-0.0011228682680281,0.00817966606731607
2024-03-13,0.011139512586668,0.007517700844266939
2024-03-14,-0.0019263840021219,0.008304320912580683
2024-03-15,-0.0028752210514951,0.007672943270029664
2024-03-18,-0.0065040228597376,0.007227027528905645
2024-03-19,0.0062981842384804,0.007420075836393232
2024-03-20,0.0056332530443431,0.007246841703849026
2024-03-21,0.0088647655163601,0.007011803633104513
2024-03-22,0.0032313090945288,0.007407202139599939
2024-03-25,-0.0014031718343267,0.00689397574310658
2024-03-26,-0.0030596403820319,0.006452314857765378
2024-03-27,-0.0028037219828057,0.006249822515953388
2024-03-28,0.008593595582706,0.006055503637852174
2024-04-01,0.0011158627007616,0.006652840386872585
2024-04-02,-0.0020156145269577,0.006173262389291207
2024-04-03,-0.0072653882036724,0.005908215963323436
2024-04-04,0.0010905275233378,0.006625294612648834
2024-04-05,-0.0124110356192622,0.006149879124563704
2024-04-08,0.0110380501356995,0.008254405289560514
2024-04-09,-0.0003747011900415,0.008809566853303391
2024-04-10,0.0014444494736345,0.008024511200584923
2024-04-11,-0.0095019818322125,0.007339883465988345
2024-04-12,0.0074172219833424,0.008181412024282648
2024-04-15,-0.0146575878022485,0.008030346890673903
2024-04-16,-0.0120941957874591,0.010092165724616345
2024-04-17,-0.0020586245275039,0.010790001337325486
2024-04-18,-0.0057973750760041,0.00980034061806
2024-04-19,-0.0022106017004853,0.009341514986022828
2024-04-22,-0.0087971296540569,0.008572043413315333
2024-04-23,0.008693351156839,0.008911489562023218
2024-04-24,0.011893566567722,0.008827047909926248
2024-04-25,0.0002129873779329,0.009427870589837644
2024-04-26,-0.0045869342701194,0.008542614285679291
2024-04-29,0.0101573813323253,0.008145673995462746
2024-04-30,0.0031734080766393,0.00853055354116617
2024-05-01,-0.0158555511189281,0.007838220524239476
2024-05-02,-0.0034413534856316,0.010353121905754796
2024-05-03,0.0090870247250848,0.009529931829908732
2024-05-06,0.012478557659508,0.009385364602246652
2024-05-07,0.0102731736912478,0.009973889892431363
2024-05-08,0.0013425282288256,0.00995221071443491
2024-05-09,-5.835635193424912e-06,0.008993475305223628
2024-05-10,0.0050780326391067,0.008172951577420007
2024-05-13,0.0016480400801667,0.0077004687521199855
2024-05-14,-0.0002413331738652,0.007068098091273999
2024-05-15,0.004826148527454,0.006539369366046378
2024-05-16,0.0116478277872996,0.006335055687280231
2024-05-17,-0.002083837474088,0.007637654366746546
2024-05-20,0.0011640956878937,0.0071247387319933846
2024-05-21,0.0009159703084911,0.006571677536842167
2024-05-22,0.0024987497668926,0.006103806450766738
2024-05-23,-0.0027097912093521,0.00576115042413172
2024-05-24,-0.0074081622834719,0.005652961202984821
2024-05-28,0.0069766490766732,0.0064852946538401296
2024-05-29,0.0002487709068859,0.006629993599846981
2024-05-30,-0.0073943172157425,0.00615802529717167
2024-05-31,-0.0059929575357541,0.00683130656277234
2024-06-03,0.0079958242319288,0.0070193113773797475
2024-06-04,0.0011154602235352,0.007231996598264514
2024-06-05,0.0015016810037827,0.0066619793726931395
2024-06-06,0.0117780158499572,0.006187014362053126
2024-06-07,-0.0001998366016368,0.007579935502408515
2024-06-10,-0.001115842050279,0.006970971626844418
2024-06-11,0.0025775299782409,0.006498115968265346
2024-06-12,0.0027067148552095,0.006092711072144345
2024-06-13,0.0084677202418873,0.005764851089470098
2024-06-14,0.0023419114371167,0.006418082740768076
2024-06-17,-0.0003939382809974,0.006013345948516478
2024-06-18,0.0076351643723205,0.005663040457042246
2024-06-20,0.0025181541815171,0.006154210289440287
2024-06-21,-0.0025291273954115,0.00580395660139058
2024-06-24,-0.0015633517188252,0.005665077579865147
2024-06-25,-0.0030698791558664,0.005453530842388976
2024-06-26,0.0039258736791813,0.005458959173781063
2024-06-27,0.0015711962247204,0.005360971716579387
2024-06-28,0.000906909856799,0.005108555609820697
2024-07-01,-0.0040920134623695,0.004891340038417159
2024-07-02,0.0026719909814295,0.005202508904366768
2024-07-03,0.006176205771185,0.005036271007520155
2024-07-05,0.0050715622695336,0.00539347120170833
2024-07-08,0.0054339743609695,0.005465527540644414
2024-07-09,0.0010161824764044,0.00557899909228845
2024-07-10,0.0007407974780654,0.00527762542442031
2024-07-11,0.0101563148781058,0.005029406093105403
2024-07-12,-0.0088016499692667,0.006382738823307178
2024-07-15,0.0055018640249651,0.007341146917204704
2024-07-16,0.0028222164233526,0.007070283422521665
2024-07-17,0.0063690499714532,0.006584903291622002
2024-07-18,-0.0140254415236455,0.006599171070924119
2024-07-19,-0.00784711214535,0.009037736349513567
2024-07-22,-0.007165879226406,0.009073737412331534
2024-07-23,0.0107342172462202,0.008976030289988167
2024-07-24,-0.0015593176939461,0.009278109518687605
2024-07-25,-0.0234212422228928,0.008476601630674213
2024-07-26,-0.0051558890197172,0.013315455398321054
2024-07-29,0.0110294204095709,0.012207753379124206
2024-07-30,0.0008129795718284,0.011860666893331118
2024-07-31,-0.0049725143613676,0.010644324367181714
2024-08-01,0.0156699807019177,0.009933443672683841
2024-08-02,-0.0137881237919901,0.011165696298911825
2024-08-05,-0.0185529066085532,0.01198174814930922
2024-08-06,-0.0304270413923931,0.013810176050442978
2024-08-07,0.0103008494935995,0.01865120648930661
2024-08-08,-0.0077647153887694,0.017114608728673025
2024-08-09,0.0227811395908988,0.01571049030067608
2024-08-12,0.0046607984343816,0.017106691537504742
2024-08-13,4.30330517200971e-05,0.015322903303459845
2024-08-14,0.0167072334190499,0.013668925935797398
2024-08-15,0.0038164365611984,0.014136124055009589
2024-08-16,0.0160044899313041,0.012698028592287688
2024-08-19,0.0019878023683961,0.013247252549352388
2024-08-20,0.0096753274361777,0.011862990214800577
2024-08-21,-0.0019865272376097,0.011359346840404103
2024-08-22,0.0042307147210067,0.010285989439964493
2024-08-23,-0.0089729422566572,0.009403352565782971
2024-08-26,0.0114179374016644,0.009578864332459242
2024-08-27,-0.0031587101696058,0.009880075463891578
2024-08-28,0.0015939251127232,0.009104219179005413
2024-08-29,-0.0059939007947352,0.008266923341256149
2024-08-30,-3.937984343658622e-05,0.008135190777587845
2024-09-03,0.0100424570791441,0.007439127448984612
2024-09-04,-0.0213779633723976,0.00798460189853334
2024-09-05,-0.0016038290273809,0.012328129172081674
2024-09-06,-0.0030225810146741,0.011104106855888194
2024-09-09,-0.0174109445074244,0.010134572257682781
2024-09-10,0.0115135344358182,0.01225781900404169
2024-09-11,0.0044626999777935,0.011985676428693592
2024-09-12,0.0106085556498433,0.010875636144455848
2024-09-13,0.0074673521568026,0.010723995948737965
2024-09-16,0.005393142234356,0.010105233823523688
2024-09-17,0.0012558408673102,0.009349046400106888
2024-09-18,0.0002645150938964,0.008472587334136583
2024-09-19,-0.0029006587083132,0.007721733300755139
2024-09-20,0.0168343568927251,0.00727005059665768
2024-09-23,-0.0019429136300157,0.00980432223339373
2024-09-24,0.0028053344257131,0.00894880348996925
2024-09-25,0.0025080311033453,0.008174424067579473
2024-09-26,-0.0018629832062121,0.007500626354271809
2024-09-27,0.0040305421581992,0.006992600500291704
2024-09-30,-0.0012540029000721,0.006615774779369001
2024-10-01,0.0042276036584415,0.006210640014943541
2024-10-02,-0.0093678486944544,0.005997974705562781
2024-10-03,0.0001383813269864,0.007240363272448546
2024-10-04,-0.0016828286544586,0.00667481263416038
2024-10-07,0.0089302556991863,0.006291072559958299
2024-10-08,-0.0096322638293887,0.0068992273099371644
2024-10-09,0.0096427068046943,0.007910943360967447
2024-10-10,0.0070882310169945,0.008243758666110481
2024-10-11,-0.0020722685059824,0.008027342630357707
2024-10-14,0.0060336087072987,0.007450524445997769
2024-10-15,0.0076781145745943,0.007232140123656388
2024-10-16,-0.0076385660375134,0.007333174059003822
2024-10-17,0.0046682327827797,0.007736252874012244
2024-10-18,-0.0001711751285381,0.007294730372066904
2024-10-21,0.0039636869427743,0.006728565713734807
2024-10-22,-0.001824432756419,0.006391982877788934
2024-10-23,-0.0004749666671957,0.006069665881868229
2024-10-24,-0.0092338242676795,0.00571328878097291
2024-10-25,0.0021434731305568,0.007019884809985762
2024-10-28,-0.0002994920131862,0.006508137942023401
2024-10-29,0.0026479346267329,0.0060711348190030205
2024-10-30,0.0016128259449012,0.005743268491543725
2024-10-31,-0.0033056916724881,0.005424168797804701
2024-11-01,-0.0187901349287453,0.005470815286038489
2024-11-04,0.0040841580045254,0.010194736981291789
2024-11-05,-0.0028160448131902,0.00931501369939293
2024-11-06,0.012191031029563,0.008596691733213768
2024-11-07,0.0249812809571866,0.009332215866559858
2024-11-08,0.0074037541739956,0.013724260308538412
2024-11-11,0.003749794035718,0.012616090510500878
2024-11-12,0.0009685941909569,0.01137718556812281
2024-11-13,-0.0028968514769364,0.010224570231964415
2024-11-14,0.0002322007641401,0.009374736236549828
2024-11-15,-0.006068108582244,0.008496605746170116
2024-11-18,-0.0132914308667937,0.008329973393590515
2024-11-19,0.0039101597462065,0.009878283970439642
2024-11-20,0.0039557505205964,0.009032897648604194
2024-11-21,2.19506213354446e-05,0.008317390987859007
2024-11-22,0.0053262518442884,0.007593322793283383
2024-11-25,0.0034619595915364,0.007252850963586383
2024-11-26,0.0030159278201245,0.006781952148575055
2024-11-27,0.0057056971552638,0.00635672556490042
2024-11-29,-0.0038084810835777,0.006313511306153642
2024-12-02,0.0055921203968016,0.0062413614776413995
2024-12-03,0.0024454638805813,0.0062054188712382585
2024-12-04,0.0004513472420221,0.005842203457957372
2024-12-05,0.0060331816281361,0.005497131165366936
2024-12-06,-0.0018715258393823,0.00570734420074422
2024-12-09,0.0024923453675383,0.005516289625014428
2024-12-10,-0.0061631672852274,0.0052783606014836
2024-12-11,-0.0029682843142792,0.0059221235297243
2024-12-12,0.0081326264113682,0.005813955706908382
2024-12-13,-0.0054287314614632,0.006374321663864253
2024-12-16,-2.646698937187397e-05,0.006564069357813326
2024-12-17,0.0037921550087844,0.006109109962988189
2024-12-18,-0.0038714794806554,0.005868924437664779
2024-12-19,-0.0299365053045181,0.005903160196517173
2024-12-20,-0.0008654867505367,0.014838677818191889
2024-12-23,0.0108104794023972,0.013262569644955088
2024-12-24,0.0072608495856163,0.012678631229836167
2024-12-26,0.0109822331651268,0.01171569987569006
2024-12-27,-0.0004057410882578,0.011458640096995746
2024-12-30,-0.0111173049649122,0.010309744726780964
2024-12-31,-0.0107596739417297,0.01072496620101451
,-0.0042940064589823,0.010961461739085944
